Kingdom	Phylum	Class	Order	Family	Genus	Species	ASV
ASV1	Bacteria	Bacteroidetes	Bacteroidia	Bacteroidales	Tannerellaceae	Parabacteroides	goldsteinii	ASV1
ASV2	Bacteria	Bacteroidetes	Bacteroidia	Bacteroidales	Bacteroidaceae	Bacteroides	NA	ASV2
ASV3	Bacteria	Verrucomicrobia	Verrucomicrobiae	Verrucomicrobiales	Akkermansiaceae	Akkermansia	muciniphila	ASV3
ASV4	Bacteria	Bacteroidetes	Bacteroidia	Bacteroidales	Muribaculaceae	Muribaculaceae_Genus_ASV4	NA	ASV4
ASV5	Bacteria	Verrucomicrobia	Verrucomicrobiae	Verrucomicrobiales	Akkermansiaceae	Akkermansia	muciniphila	ASV5
ASV6	Bacteria	Proteobacteria	Gammaproteobacteria	Betaproteobacteriales	Burkholderiaceae	Parasutterella	excrementihominis	ASV6
ASV7	Bacteria	Firmicutes	Erysipelotrichia	Erysipelotrichales	Erysipelotrichaceae	Dubosiella	newyorkensis	ASV7
ASV8	Bacteria	Bacteroidetes	Bacteroidia	Bacteroidales	Muribaculaceae	Muribaculaceae_Genus_ASV8	NA	ASV8
ASV9	Bacteria	Deferribacteres	Deferribacteres	Deferribacterales	Deferribacteraceae	Mucispirillum	schaedleri	ASV9
ASV10	Bacteria	Firmicutes	Clostridia	Clostridiales	Lachnospiraceae	Lachnospiraceae_Genus_ASV10	NA	ASV10
ASV11	Bacteria	Firmicutes	Clostridia	Clostridiales	Ruminococcaceae	Ruminiclostridium	NA	ASV11
ASV12	Bacteria	Firmicutes	Clostridia	Clostridiales	Lachnospiraceae	Lachnospiraceae_NK4A136_group	NA	ASV12
ASV13	Bacteria	Firmicutes	Clostridia	Clostridiales	Lachnospiraceae	Lachnospiraceae_NK4A136_group	bacterium	ASV13
ASV14	Bacteria	Tenericutes	Mollicutes	Anaeroplasmatales	Anaeroplasmataceae	Anaeroplasma	NA	ASV14
ASV15	Bacteria	Firmicutes	Clostridia	Clostridiales	Lachnospiraceae	Lachnospiraceae_Genus_ASV15	NA	ASV15
ASV16	Bacteria	Verrucomicrobia	Verrucomicrobiae	Verrucomicrobiales	Akkermansiaceae	Akkermansia	NA	ASV16
ASV17	Bacteria	Firmicutes	Erysipelotrichia	Erysipelotrichales	Erysipelotrichaceae	Erysipelatoclostridium	NA	ASV17
ASV18	Bacteria	Firmicutes	Clostridia	Clostridiales	Lachnospiraceae	Lachnospiraceae_NK4A136_group	NA	ASV18
ASV19	Bacteria	Firmicutes	Clostridia	Clostridiales	Lachnospiraceae	Lachnospiraceae_Genus_ASV19	NA	ASV19
ASV20	Bacteria	Firmicutes	Clostridia	Clostridiales	Ruminococcaceae	Ruminiclostridium_9	NA	ASV20
ASV21	Bacteria	Bacteroidetes	Bacteroidia	Bacteroidales	Muribaculaceae	Muribaculaceae_Genus_ASV21	NA	ASV21
ASV22	Bacteria	Firmicutes	Clostridia	Clostridiales	Lachnospiraceae	Acetatifactor	NA	ASV22
ASV23	Bacteria	Firmicutes	Erysipelotrichia	Erysipelotrichales	Erysipelotrichaceae	Faecalibaculum	NA	ASV23
ASV24	Bacteria	Firmicutes	Clostridia	Clostridiales	Ruminococcaceae	Intestinimonas	NA	ASV24
ASV25	Bacteria	Firmicutes	Clostridia	Clostridiales	Lachnospiraceae	Tyzzerella	NA	ASV25
ASV26	Bacteria	Firmicutes	Clostridia	Clostridiales	Lachnospiraceae	Lachnospiraceae_NK4A136_group	NA	ASV26
ASV27	Bacteria	Firmicutes	Clostridia	Clostridiales	Ruminococcaceae	Ruminococcaceae_Genus_ASV27	NA	ASV27
ASV28	Bacteria	Firmicutes	Bacilli	Lactobacillales	Lactobacillaceae	Lactobacillus	NA	ASV28
ASV29	Bacteria	Firmicutes	Clostridia	Clostridiales	Clostridiaceae_1	Clostridium_sensu_stricto_1	NA	ASV29
ASV30	Bacteria	Firmicutes	Clostridia	Clostridiales	Lachnospiraceae	Acetatifactor	NA	ASV30
ASV31	Bacteria	Firmicutes	Clostridia	Clostridiales	Ruminococcaceae	Ruminiclostridium_9	NA	ASV31
ASV32	Bacteria	Firmicutes	Clostridia	Clostridiales	Ruminococcaceae	Oscillibacter	NA	ASV32
ASV33	Bacteria	Firmicutes	Erysipelotrichia	Erysipelotrichales	Erysipelotrichaceae	Faecalibaculum	rodentium	ASV33
ASV34	Bacteria	Firmicutes	Clostridia	Clostridiales	Peptostreptococcaceae	Romboutsia	ilealis	ASV34
ASV35	Bacteria	Firmicutes	Clostridia	Clostridiales	Ruminococcaceae	Ruminiclostridium	NA	ASV35
ASV36	Bacteria	Firmicutes	Clostridia	Clostridiales	Peptococcaceae	Peptococcaceae_Genus_ASV36	NA	ASV36
ASV37	Bacteria	Firmicutes	Clostridia	Clostridiales	Lachnospiraceae	Lachnospiraceae_NK4A136_group	NA	ASV37
ASV38	Bacteria	Firmicutes	Clostridia	Clostridiales	Ruminococcaceae	Ruminococcus_2	bromii	ASV38
ASV39	Bacteria	Firmicutes	Clostridia	Clostridiales	Ruminococcaceae	Ruminococcaceae_Genus_ASV39	NA	ASV39
ASV40	Bacteria	Firmicutes	Clostridia	Clostridiales	Ruminococcaceae	Ruminiclostridium_9	NA	ASV40
ASV41	Bacteria	Bacteroidetes	Bacteroidia	Bacteroidales	Muribaculaceae	Muribaculaceae_Genus_ASV41	NA	ASV41
ASV42	Bacteria	Firmicutes	Clostridia	Clostridiales	Lachnospiraceae	Lachnospiraceae_Genus_ASV42	NA	ASV42
ASV43	Bacteria	Bacteroidetes	Bacteroidia	Bacteroidales	Muribaculaceae	Muribaculaceae_Genus_ASV43	NA	ASV43
ASV44	Bacteria	Firmicutes	Clostridia	Clostridiales	Ruminococcaceae	Oscillibacter	NA	ASV44
ASV45	Bacteria	Firmicutes	Clostridia	Clostridiales	Ruminococcaceae	Ruminococcaceae_Genus_ASV45	NA	ASV45
ASV46	Bacteria	Firmicutes	Clostridia	Clostridiales	Lachnospiraceae	Lachnospiraceae_Genus_ASV46	NA	ASV46
ASV47	Bacteria	Firmicutes	Clostridia	Clostridiales	Lachnospiraceae	Lachnoclostridium	NA	ASV47
ASV48	Bacteria	Firmicutes	Clostridia	Clostridiales	Lachnospiraceae	Acetatifactor	NA	ASV48
ASV49	Bacteria	Firmicutes	Clostridia	Clostridiales	Lachnospiraceae	Lachnospiraceae_UCG-004	NA	ASV49
ASV50	Bacteria	Firmicutes	Clostridia	Clostridiales	Ruminococcaceae	Caproiciproducens	NA	ASV50
ASV51	Bacteria	Firmicutes	Erysipelotrichia	Erysipelotrichales	Erysipelotrichaceae	Dubosiella	NA	ASV51
ASV52	Bacteria	Firmicutes	Clostridia	Clostridiales	Lachnospiraceae	Lachnospiraceae_NK4A136_group	NA	ASV52
ASV53	Bacteria	Firmicutes	Clostridia	Clostridiales	Lachnospiraceae	Lachnospiraceae_Genus_ASV53	NA	ASV53
ASV54	Bacteria	Firmicutes	Clostridia	Clostridiales	Lachnospiraceae	Acetatifactor	NA	ASV54
ASV55	Bacteria	Firmicutes	Clostridia	Clostridiales	Ruminococcaceae	Ruminiclostridium_9	NA	ASV55
ASV56	Bacteria	Firmicutes	Clostridia	Clostridiales	Lachnospiraceae	Lachnospiraceae_Genus_ASV56	NA	ASV56
ASV57	Bacteria	Bacteroidetes	Bacteroidia	Bacteroidales	Rikenellaceae	Alistipes	NA	ASV57
ASV58	Bacteria	Firmicutes	Clostridia	Clostridiales	Lachnospiraceae	Lachnoclostridium	NA	ASV58
ASV59	Bacteria	Proteobacteria	Gammaproteobacteria	Enterobacteriales	Enterobacteriaceae	Escherichia/Shigella	NA	ASV59
ASV60	Bacteria	Firmicutes	Clostridia	Clostridiales	Ruminococcaceae	Anaerotruncus	NA	ASV60
ASV61	Bacteria	Firmicutes	Clostridia	Clostridiales	Lachnospiraceae	Lachnoclostridium	NA	ASV61
ASV62	Bacteria	Firmicutes	Clostridia	Clostridiales	Lachnospiraceae	Acetatifactor	NA	ASV62
ASV63	Bacteria	Firmicutes	Clostridia	Clostridiales	Lachnospiraceae	Lachnospiraceae_Genus_ASV63	NA	ASV63
ASV64	Bacteria	Firmicutes	Clostridia	Clostridiales	Lachnospiraceae	Lachnospiraceae_FCS020_group	NA	ASV64
ASV65	Bacteria	Firmicutes	Clostridia	Clostridiales	Ruminococcaceae	Intestinimonas	NA	ASV65
ASV66	Bacteria	Firmicutes	Clostridia	Clostridiales	Lachnospiraceae	Lachnospiraceae_Genus_ASV66	NA	ASV66
ASV67	Bacteria	Firmicutes	Erysipelotrichia	Erysipelotrichales	Erysipelotrichaceae	Dubosiella	NA	ASV67
ASV68	Bacteria	Firmicutes	Clostridia	Clostridiales	Ruminococcaceae	Ruminococcaceae_Genus_ASV68	NA	ASV68
ASV69	Bacteria	Firmicutes	Clostridia	Clostridiales	Lachnospiraceae	Lachnospiraceae_Genus_ASV69	NA	ASV69
ASV70	Bacteria	Firmicutes	Clostridia	Clostridiales	Lachnospiraceae	Lachnospiraceae_Genus_ASV70	NA	ASV70
ASV71	Bacteria	Firmicutes	Clostridia	Clostridiales	Peptococcaceae	Peptococcaceae_Genus_ASV71	NA	ASV71
ASV72	Bacteria	Firmicutes	Clostridia	Clostridiales	Ruminococcaceae	Ruminococcaceae_Genus_ASV72	NA	ASV72
ASV73	Bacteria	Firmicutes	Clostridia	Clostridiales	Peptostreptococcaceae	Romboutsia	NA	ASV73
ASV74	Bacteria	Firmicutes	Clostridia	Clostridiales	Lachnospiraceae	Acetatifactor	NA	ASV74
ASV75	Bacteria	Firmicutes	Clostridia	Clostridiales	Lachnospiraceae	Lachnospiraceae_Genus_ASV75	NA	ASV75
ASV76	Bacteria	Firmicutes	Clostridia	Clostridiales	Ruminococcaceae	Ruminiclostridium_9	NA	ASV76
ASV77	Bacteria	Firmicutes	Clostridia	Clostridiales	Ruminococcaceae	Ruminococcaceae_UCG-005	NA	ASV77
ASV78	Bacteria	Firmicutes	Clostridia	Clostridiales	Lachnospiraceae	Acetatifactor	NA	ASV78
ASV79	Bacteria	Firmicutes	Clostridia	Clostridiales	Lachnospiraceae	Lachnoclostridium	NA	ASV79
ASV80	Bacteria	Firmicutes	Clostridia	Clostridiales	Ruminococcaceae	Ruminiclostridium	NA	ASV80
ASV81	Bacteria	Firmicutes	Clostridia	Clostridiales	Lachnospiraceae	Lachnospiraceae_FCS020_group	NA	ASV81
ASV82	Bacteria	Firmicutes	Clostridia	Clostridiales	Lachnospiraceae	Lachnospiraceae_NK4A136_group	bacterium	ASV82
ASV83	Bacteria	Firmicutes	Clostridia	Clostridiales	Ruminococcaceae	Ruminococcaceae_Genus_ASV83	NA	ASV83
ASV84	Bacteria	Firmicutes	Clostridia	Clostridiales	Lachnospiraceae	ASF356	NA	ASV84
ASV85	Bacteria	Bacteroidetes	Bacteroidia	Bacteroidales	Muribaculaceae	Muribaculaceae_Genus_ASV85	NA	ASV85
ASV86	Bacteria	Firmicutes	Clostridia	Clostridiales	Ruminococcaceae	Ruminiclostridium_5	NA	ASV86
ASV87	Bacteria	Firmicutes	Clostridia	Clostridiales	Lachnospiraceae	Lachnoclostridium	NA	ASV87
ASV88	Bacteria	Firmicutes	Clostridia	Clostridiales	Lachnospiraceae	Lachnospiraceae_Genus_ASV88	NA	ASV88
ASV89	Bacteria	Firmicutes	Clostridia	Clostridiales	Lachnospiraceae	Lachnospiraceae_NK4A136_group	bacterium	ASV89
ASV90	Bacteria	Firmicutes	Bacilli	Lactobacillales	Lactobacillaceae	Lactobacillus	NA	ASV90
ASV91	Bacteria	Firmicutes	Clostridia	Clostridiales	Lachnospiraceae	Lachnospiraceae_Genus_ASV91	NA	ASV91
ASV92	Bacteria	Firmicutes	Clostridia	Clostridiales	Lachnospiraceae	Lachnospiraceae_Genus_ASV92	NA	ASV92
ASV93	Bacteria	Firmicutes	Clostridia	Clostridiales	Clostridiales_vadinBB60_group	Clostridiales_vadinBB60_group_Genus_ASV93	NA	ASV93
ASV94	Bacteria	Firmicutes	Clostridia	Clostridiales	Lachnospiraceae	Acetatifactor	NA	ASV94
ASV95	Bacteria	Firmicutes	Clostridia	Clostridiales	Lachnospiraceae	Lachnospiraceae_Genus_ASV95	NA	ASV95
ASV96	Bacteria	Firmicutes	Clostridia	Clostridiales	Lachnospiraceae	Acetatifactor	NA	ASV96
ASV97	Bacteria	Firmicutes	Clostridia	Clostridiales	Lachnospiraceae	Marvinbryantia	NA	ASV97
ASV98	Bacteria	Firmicutes	Clostridia	Clostridiales	Lachnospiraceae	Lachnospiraceae_UCG-006	NA	ASV98
ASV99	Bacteria	Firmicutes	Clostridia	Clostridiales	Ruminococcaceae	Ruminococcaceae_UCG-009	NA	ASV99
ASV100	Bacteria	Firmicutes	Clostridia	Clostridiales	Ruminococcaceae	Ruminiclostridium_5	NA	ASV100
ASV101	Bacteria	Firmicutes	Clostridia	Clostridiales	Lachnospiraceae	Acetatifactor	NA	ASV101
ASV102	Bacteria	Firmicutes	Clostridia	Clostridiales	Ruminococcaceae	Harryflintia	NA	ASV102
ASV103	Bacteria	Firmicutes	Clostridia	Clostridiales	Lachnospiraceae	Lachnospiraceae_UCG-006	NA	ASV103
ASV104	Bacteria	Firmicutes	Clostridia	Clostridiales	Lachnospiraceae	Acetatifactor	NA	ASV104
ASV105	Bacteria	Firmicutes	Clostridia	Clostridiales	Ruminococcaceae	Ruminococcaceae_Genus_ASV105	NA	ASV105
ASV106	Bacteria	Firmicutes	Clostridia	Clostridiales	Ruminococcaceae	Anaerotruncus	colihominis	ASV106
ASV107	Bacteria	Firmicutes	Bacilli	Lactobacillales	Enterococcaceae	Enterococcus	NA	ASV107
ASV108	Bacteria	Firmicutes	Clostridia	Clostridiales	Lachnospiraceae	Lachnospiraceae_NK4A136_group	NA	ASV108
ASV109	Bacteria	Firmicutes	Clostridia	Clostridiales	Ruminococcaceae	UBA1819	NA	ASV109
ASV110	Bacteria	Bacteroidetes	Bacteroidia	Bacteroidales	Tannerellaceae	Parabacteroides	NA	ASV110
ASV111	Bacteria	Firmicutes	Clostridia	Clostridiales	Clostridiales_vadinBB60_group	Clostridiales_vadinBB60_group_Genus_ASV111	NA	ASV111
ASV112	Bacteria	Firmicutes	Clostridia	Clostridiales	Lachnospiraceae	Acetatifactor	NA	ASV112
ASV113	Bacteria	Firmicutes	Clostridia	Clostridiales	Lachnospiraceae	Lachnospiraceae_Genus_ASV113	NA	ASV113
ASV114	Bacteria	Firmicutes	Clostridia	Clostridiales	Ruminococcaceae	Ruminiclostridium_6	NA	ASV114
ASV115	Bacteria	Firmicutes	Clostridia	Clostridiales	Family_XIII	Family_XIII_Genus_ASV115	NA	ASV115
ASV116	Bacteria	Firmicutes	Clostridia	Clostridiales	Lachnospiraceae	Acetatifactor	NA	ASV116
ASV117	Bacteria	Firmicutes	Clostridia	Clostridiales	Lachnospiraceae	GCA-900066575	NA	ASV117
ASV118	Bacteria	Firmicutes	Clostridia	Clostridiales	Clostridiales_vadinBB60_group	Clostridiales_vadinBB60_group_Genus_ASV118	NA	ASV118
ASV119	Bacteria	Firmicutes	Clostridia	Clostridiales	Lachnospiraceae	Acetatifactor	NA	ASV119
ASV120	Bacteria	Firmicutes	Clostridia	Clostridiales	Lachnospiraceae	Lachnospiraceae_Genus_ASV120	NA	ASV120
ASV121	Bacteria	Firmicutes	Clostridia	Clostridiales	Lachnospiraceae	Lachnospiraceae_NK4A136_group	NA	ASV121
ASV122	Bacteria	Firmicutes	Clostridia	Clostridiales	Lachnospiraceae	Lachnospiraceae_NK4A136_group	NA	ASV122
ASV123	Bacteria	Firmicutes	Clostridia	Clostridiales	Ruminococcaceae	Ruminococcaceae_Genus_ASV123	NA	ASV123
ASV124	Bacteria	Tenericutes	Mollicutes	Anaeroplasmatales	Anaeroplasmataceae	Anaeroplasma	NA	ASV124
ASV125	Bacteria	Firmicutes	Clostridia	Clostridiales	Defluviitaleaceae	Defluviitaleaceae_UCG-011	NA	ASV125
ASV126	Bacteria	Firmicutes	Bacilli	Lactobacillales	Lactobacillaceae	Lactobacillus	NA	ASV126
ASV127	Bacteria	Firmicutes	Clostridia	Clostridiales	Ruminococcaceae	Ruminiclostridium	NA	ASV127
ASV129	Bacteria	Firmicutes	Clostridia	Clostridiales	Clostridiales_vadinBB60_group	Clostridiales_vadinBB60_group_Genus_ASV129	NA	ASV129
ASV130	Bacteria	Firmicutes	Clostridia	Clostridiales	Clostridiales_vadinBB60_group	Clostridiales_vadinBB60_group_Genus_ASV130	NA	ASV130
ASV131	Bacteria	Firmicutes	Clostridia	Clostridiales	Lachnospiraceae	Lachnoclostridium	NA	ASV131
ASV132	Bacteria	Firmicutes	Clostridia	Clostridiales	Lachnospiraceae	Lachnoclostridium	NA	ASV132
ASV133	Bacteria	Firmicutes	Clostridia	Clostridiales	Lachnospiraceae	Lachnospiraceae_UCG-006	NA	ASV133
ASV134	Bacteria	Firmicutes	Clostridia	Clostridiales	Lachnospiraceae	GCA-900066575	NA	ASV134
ASV135	Bacteria	Firmicutes	Clostridia	Clostridiales	Lachnospiraceae	Eisenbergiella	NA	ASV135
ASV136	Bacteria	Firmicutes	Clostridia	Clostridiales	Lachnospiraceae	Lachnospiraceae_Genus_ASV136	NA	ASV136
ASV137	Bacteria	Firmicutes	Clostridia	Clostridiales	Ruminococcaceae	Ruminiclostridium_5	NA	ASV137
ASV138	Bacteria	Firmicutes	Clostridia	Clostridiales	Lachnospiraceae	Lachnospiraceae_NK4A136_group	NA	ASV138
ASV139	Bacteria	Firmicutes	Erysipelotrichia	Erysipelotrichales	Erysipelotrichaceae	Turicibacter	NA	ASV139
ASV140	Bacteria	Firmicutes	Clostridia	Clostridiales	Lachnospiraceae	Lachnospiraceae_NK4A136_group	NA	ASV140
ASV141	Bacteria	Firmicutes	Clostridia	Clostridiales	Ruminococcaceae	Ruminococcaceae_UCG-004	NA	ASV141
ASV142	Bacteria	Firmicutes	Clostridia	Clostridiales	Lachnospiraceae	Lachnospiraceae_Genus_ASV142	NA	ASV142
ASV143	Bacteria	Firmicutes	Clostridia	Clostridiales	Ruminococcaceae	Ruminococcaceae_Genus_ASV143	NA	ASV143
ASV144	Bacteria	Firmicutes	Clostridia	Clostridiales	Lachnospiraceae	Lachnospiraceae_FCS020_group	NA	ASV144
ASV145	Bacteria	Firmicutes	Clostridia	Clostridiales	Lachnospiraceae	Lachnospiraceae_UCG-002	NA	ASV145
ASV146	Bacteria	Firmicutes	Clostridia	Clostridiales	Lachnospiraceae	Lachnospiraceae_Genus_ASV146	NA	ASV146
ASV147	Bacteria	Firmicutes	Clostridia	Clostridiales	Ruminococcaceae	GCA-900066225	NA	ASV147
ASV149	Bacteria	Firmicutes	Clostridia	Clostridiales	Lachnospiraceae	Acetatifactor	NA	ASV149
ASV150	Bacteria	Firmicutes	Clostridia	Clostridiales	Lachnospiraceae	Lachnospiraceae_NK4A136_group	NA	ASV150
ASV151	Bacteria	Firmicutes	Clostridia	Clostridiales	Ruminococcaceae	Ruminococcaceae_UCG-014	NA	ASV151
ASV152	Bacteria	Bacteroidetes	Bacteroidia	Bacteroidales	Muribaculaceae	Muribaculaceae_Genus_ASV152	NA	ASV152
ASV153	Bacteria	Firmicutes	Erysipelotrichia	Erysipelotrichales	Erysipelotrichaceae	Dubosiella	NA	ASV153
ASV154	Bacteria	Firmicutes	Clostridia	Clostridiales	Ruminococcaceae	Ruminococcaceae_UCG-014	NA	ASV154
ASV155	Bacteria	Firmicutes	Clostridia	Clostridiales	Lachnospiraceae	Lachnospiraceae_Genus_ASV155	NA	ASV155
ASV156	Bacteria	Firmicutes	Clostridia	Clostridiales	Ruminococcaceae	Ruminiclostridium	NA	ASV156
ASV157	Bacteria	Firmicutes	Clostridia	Clostridiales	Lachnospiraceae	Acetatifactor	NA	ASV157
ASV158	Bacteria	Firmicutes	Clostridia	Clostridiales	Lachnospiraceae	Acetatifactor	NA	ASV158
ASV159	Bacteria	Firmicutes	Clostridia	Clostridiales	Clostridiales_vadinBB60_group	Clostridiales_vadinBB60_group_Genus_ASV159	NA	ASV159
ASV160	Bacteria	Firmicutes	Clostridia	Clostridiales	Lachnospiraceae	Lachnospiraceae_Genus_ASV160	NA	ASV160
ASV161	Bacteria	Firmicutes	Clostridia	Clostridiales	Lachnospiraceae	Acetatifactor	NA	ASV161
ASV162	Bacteria	Firmicutes	Clostridia	Clostridiales	Lachnospiraceae	Lachnospiraceae_Genus_ASV162	NA	ASV162
ASV164	Bacteria	Firmicutes	Clostridia	Clostridiales	Lachnospiraceae	Lachnoclostridium	NA	ASV164
ASV165	Bacteria	Firmicutes	Erysipelotrichia	Erysipelotrichales	Erysipelotrichaceae	Erysipelatoclostridium	NA	ASV165
ASV166	Bacteria	Firmicutes	Clostridia	Clostridiales	Lachnospiraceae	GCA-900066575	NA	ASV166
ASV168	Bacteria	Firmicutes	Clostridia	Clostridiales	Clostridiaceae_1	Clostridium_sensu_stricto_1	NA	ASV168
ASV169	Bacteria	Firmicutes	Clostridia	Clostridiales	Ruminococcaceae	GCA-900066225	NA	ASV169
ASV170	Bacteria	Firmicutes	Clostridia	Clostridiales	Lachnospiraceae	Lachnospiraceae_Genus_ASV170	NA	ASV170
ASV171	Bacteria	Firmicutes	Clostridia	Clostridiales	Clostridiales_vadinBB60_group	Clostridiales_vadinBB60_group_Genus_ASV171	NA	ASV171
ASV172	Bacteria	Firmicutes	Clostridia	Clostridiales	Lachnospiraceae	Lachnospiraceae_Genus_ASV172	NA	ASV172
ASV173	Bacteria	Firmicutes	Clostridia	Clostridiales	Ruminococcaceae	Anaerotruncus	NA	ASV173
ASV174	Bacteria	Firmicutes	Clostridia	Clostridiales	Lachnospiraceae	GCA-900066575	NA	ASV174
ASV175	Bacteria	Firmicutes	Clostridia	Clostridiales	Lachnospiraceae	Lachnospiraceae_NK4A136_group	NA	ASV175
ASV176	Bacteria	Firmicutes	Clostridia	Clostridiales	Lachnospiraceae	ASF356	NA	ASV176
ASV178	Bacteria	Firmicutes	Clostridia	Clostridiales	Ruminococcaceae	Ruminiclostridium_5	NA	ASV178
ASV179	Bacteria	Firmicutes	Clostridia	Clostridiales	Ruminococcaceae	Ruminiclostridium	NA	ASV179
ASV181	Bacteria	Firmicutes	Clostridia	Clostridiales	Ruminococcaceae	Ruminiclostridium_9	NA	ASV181
ASV182	Bacteria	Firmicutes	Clostridia	Clostridiales	Clostridiales_vadinBB60_group	Clostridiales_vadinBB60_group_Genus_ASV182	NA	ASV182
ASV183	Bacteria	Firmicutes	Clostridia	Clostridiales	Ruminococcaceae	Flavonifractor	plautii	ASV183
ASV184	Bacteria	Firmicutes	Clostridia	Clostridiales	Lachnospiraceae	Lachnospiraceae_NK4A136_group	NA	ASV184
ASV186	Bacteria	Firmicutes	Clostridia	Clostridiales	Ruminococcaceae	Ruminiclostridium	NA	ASV186
ASV187	Bacteria	Firmicutes	Clostridia	Clostridiales	Clostridiales_vadinBB60_group	Clostridiales_vadinBB60_group_Genus_ASV187	NA	ASV187
ASV188	Bacteria	Firmicutes	Clostridia	Clostridiales	Lachnospiraceae	Lachnospiraceae_NK4A136_group	NA	ASV188
ASV189	Bacteria	Firmicutes	Clostridia	Clostridiales	Ruminococcaceae	Ruminiclostridium_5	NA	ASV189
ASV190	Bacteria	Firmicutes	Clostridia	Clostridiales	Clostridiales_vadinBB60_group	Clostridiales_vadinBB60_group_Genus_ASV190	NA	ASV190
ASV191	Bacteria	Firmicutes	Clostridia	Clostridiales	Lachnospiraceae	Lachnospiraceae_Genus_ASV191	NA	ASV191
ASV192	Bacteria	Firmicutes	Clostridia	Clostridiales	Lachnospiraceae	Acetatifactor	NA	ASV192
ASV194	Bacteria	Firmicutes	Clostridia	Clostridiales	Lachnospiraceae	Lachnospiraceae_Genus_ASV194	NA	ASV194
ASV195	Bacteria	Firmicutes	Clostridia	Clostridiales	Lachnospiraceae	Lachnospiraceae_Genus_ASV195	NA	ASV195
ASV196	Bacteria	Firmicutes	Erysipelotrichia	Erysipelotrichales	Erysipelotrichaceae	Holdemania	NA	ASV196
ASV197	Bacteria	Firmicutes	Clostridia	Clostridiales	Ruminococcaceae	Intestinimonas	NA	ASV197
ASV198	Bacteria	Firmicutes	Clostridia	Clostridiales	Lachnospiraceae	Lachnospiraceae_NK4A136_group	NA	ASV198
ASV199	Bacteria	Firmicutes	Clostridia	Clostridiales	Ruminococcaceae	Anaerotruncus	NA	ASV199
ASV200	Bacteria	Firmicutes	Clostridia	Clostridiales	Ruminococcaceae	Ruminococcaceae_Genus_ASV200	NA	ASV200
ASV201	Bacteria	Firmicutes	Clostridia	Clostridiales	Ruminococcaceae	Ruminiclostridium_5	NA	ASV201
ASV202	Bacteria	Firmicutes	Clostridia	Clostridiales	Lachnospiraceae	Lachnoclostridium	NA	ASV202
ASV203	Bacteria	Firmicutes	Clostridia	Clostridiales	Lachnospiraceae	Lachnospiraceae_Genus_ASV203	NA	ASV203
ASV204	Bacteria	Firmicutes	Clostridia	Clostridiales	Lachnospiraceae	Lachnospiraceae_Genus_ASV204	NA	ASV204
ASV205	Bacteria	Firmicutes	Clostridia	Clostridiales	Lachnospiraceae	Lachnospiraceae_NK4A136_group	NA	ASV205
ASV206	Bacteria	Firmicutes	Clostridia	Clostridiales	Lachnospiraceae	Acetatifactor	NA	ASV206
ASV207	Bacteria	Firmicutes	Clostridia	Clostridiales	Ruminococcaceae	Ruminiclostridium_5	NA	ASV207
ASV208	Bacteria	Firmicutes	Clostridia	Clostridiales	Lachnospiraceae	Lachnospiraceae_Genus_ASV208	NA	ASV208
ASV209	Bacteria	Proteobacteria	Gammaproteobacteria	Enterobacteriales	Enterobacteriaceae	Klebsiella	NA	ASV209
ASV210	Bacteria	Firmicutes	Bacilli	Lactobacillales	Streptococcaceae	Streptococcus	NA	ASV210
ASV211	Bacteria	Firmicutes	Clostridia	Clostridiales	Ruminococcaceae	Ruminococcaceae_Genus_ASV211	NA	ASV211
ASV212	Bacteria	Firmicutes	Clostridia	Clostridiales	Ruminococcaceae	Ruminococcaceae_UCG-009	NA	ASV212
ASV213	Bacteria	Firmicutes	Clostridia	Clostridiales	Ruminococcaceae	Ruminococcaceae_Genus_ASV213	NA	ASV213
ASV214	Bacteria	Firmicutes	Clostridia	Clostridiales	Lachnospiraceae	Lachnoclostridium	NA	ASV214
ASV216	Bacteria	Firmicutes	Clostridia	Clostridiales	Lachnospiraceae	Lachnospiraceae_Genus_ASV216	NA	ASV216
ASV217	Bacteria	Firmicutes	Clostridia	Clostridiales	Clostridiales_vadinBB60_group	Clostridiales_vadinBB60_group_Genus_ASV217	NA	ASV217
ASV218	Bacteria	Firmicutes	Clostridia	Clostridiales	Lachnospiraceae	Tyzzerella	NA	ASV218
ASV219	Bacteria	Firmicutes	Clostridia	Clostridiales	Lachnospiraceae	Lachnospiraceae_NK4A136_group	NA	ASV219
ASV220	Bacteria	Firmicutes	Clostridia	Clostridiales	Ruminococcaceae	Ruminococcaceae_Genus_ASV220	NA	ASV220
ASV221	Bacteria	Firmicutes	Clostridia	Clostridiales	Lachnospiraceae	Lachnoclostridium	NA	ASV221
ASV222	Bacteria	Firmicutes	Clostridia	Clostridiales	Ruminococcaceae	Ruminiclostridium_5	NA	ASV222
ASV223	Bacteria	Firmicutes	Clostridia	Clostridiales	Family_XIII	Anaerovorax	NA	ASV223
ASV224	Bacteria	Firmicutes	Clostridia	Clostridiales	Ruminococcaceae	Ruminococcaceae_Genus_ASV224	NA	ASV224
ASV225	Bacteria	Firmicutes	Clostridia	Clostridiales	Clostridiales_vadinBB60_group	Clostridiales_vadinBB60_group_Genus_ASV225	NA	ASV225
ASV226	Bacteria	Firmicutes	Clostridia	Clostridiales	Lachnospiraceae	ASF356	NA	ASV226
ASV227	Bacteria	Firmicutes	Clostridia	Clostridiales	Lachnospiraceae	Lachnoclostridium	NA	ASV227
ASV228	Bacteria	Actinobacteria	Coriobacteriia	Coriobacteriales	Eggerthellaceae	Enterorhabdus	NA	ASV228
ASV229	Bacteria	Firmicutes	Clostridia	Clostridiales	Lachnospiraceae	Acetatifactor	NA	ASV229
ASV230	Bacteria	Firmicutes	Clostridia	Clostridiales	Ruminococcaceae	Ruminococcaceae_UCG-005	NA	ASV230
ASV231	Bacteria	Firmicutes	Erysipelotrichia	Erysipelotrichales	Erysipelotrichaceae	Erysipelotrichaceae_Genus_ASV231	NA	ASV231
ASV232	Bacteria	Firmicutes	Clostridia	Clostridiales	Lachnospiraceae	Lachnospiraceae_Genus_ASV232	NA	ASV232
ASV233	Bacteria	Firmicutes	Clostridia	Clostridiales	Lachnospiraceae	Lachnospiraceae_Genus_ASV233	NA	ASV233
ASV234	Bacteria	Firmicutes	Clostridia	Clostridiales	Lachnospiraceae	Acetatifactor	NA	ASV234
ASV235	Bacteria	Firmicutes	Clostridia	Clostridiales	Lachnospiraceae	Lachnospiraceae_NK4A136_group	NA	ASV235
ASV236	Bacteria	Firmicutes	Clostridia	Clostridiales	Lachnospiraceae	Lachnospiraceae_Genus_ASV236	NA	ASV236
ASV237	Bacteria	Firmicutes	Clostridia	Clostridiales	Ruminococcaceae	Phocea	massiliensis	ASV237
ASV238	Bacteria	Firmicutes	Clostridia	Clostridiales	Lachnospiraceae	Lachnospiraceae_NK4A136_group	NA	ASV238
ASV239	Bacteria	Actinobacteria	Coriobacteriia	Coriobacteriales	Eggerthellaceae	Adlercreutzia	NA	ASV239
ASV240	Bacteria	Firmicutes	Clostridia	Clostridiales	Lachnospiraceae	Lachnoclostridium	NA	ASV240
ASV242	Bacteria	Firmicutes	Clostridia	Clostridiales	Ruminococcaceae	Oscillibacter	NA	ASV242
ASV243	Bacteria	Firmicutes	Clostridia	Clostridiales	Lachnospiraceae	Tyzzerella	NA	ASV243
ASV244	Bacteria	Firmicutes	Clostridia	Clostridiales	Ruminococcaceae	Ruminococcaceae_Genus_ASV244	NA	ASV244
ASV245	Bacteria	Firmicutes	Clostridia	Clostridiales	Lachnospiraceae	Lachnospiraceae_Genus_ASV245	NA	ASV245
ASV248	Bacteria	Firmicutes	Clostridia	Clostridiales	Lachnospiraceae	Lachnospiraceae_FCS020_group	NA	ASV248
ASV249	Bacteria	Firmicutes	Clostridia	Clostridiales	Clostridiales_vadinBB60_group	Clostridiales_vadinBB60_group_Genus_ASV249	NA	ASV249
ASV250	Bacteria	Firmicutes	Clostridia	Clostridiales	Clostridiales_vadinBB60_group	Clostridiales_vadinBB60_group_Genus_ASV250	NA	ASV250
ASV251	Bacteria	Firmicutes	Clostridia	Clostridiales	Ruminococcaceae	Acetanaerobacterium	NA	ASV251
ASV252	Bacteria	Firmicutes	Clostridia	Clostridiales	Lachnospiraceae	Lachnospiraceae_Genus_ASV252	NA	ASV252
ASV254	Bacteria	Firmicutes	Clostridia	Clostridiales	Ruminococcaceae	Ruminiclostridium_9	NA	ASV254
ASV255	Bacteria	Firmicutes	Erysipelotrichia	Erysipelotrichales	Erysipelotrichaceae	Erysipelotrichaceae_Genus_ASV255	NA	ASV255
ASV256	Bacteria	Firmicutes	Clostridia	Clostridiales	Ruminococcaceae	Ruminiclostridium_9	NA	ASV256
ASV258	Bacteria	Firmicutes	Clostridia	Clostridiales	Clostridiales_vadinBB60_group	Clostridiales_vadinBB60_group_Genus_ASV258	NA	ASV258
ASV259	Bacteria	Firmicutes	Clostridia	Clostridiales	Lachnospiraceae	Acetatifactor	NA	ASV259
ASV260	Bacteria	Firmicutes	Bacilli	Lactobacillales	Streptococcaceae	Streptococcus	NA	ASV260
ASV261	Bacteria	Firmicutes	Clostridia	Clostridiales	Ruminococcaceae	Ruminiclostridium_5	NA	ASV261
ASV263	Bacteria	Firmicutes	Clostridia	Clostridiales	Ruminococcaceae	Ruminococcaceae_Genus_ASV263	NA	ASV263
ASV265	Bacteria	Firmicutes	Clostridia	Clostridiales	Ruminococcaceae	Ruminiclostridium_9	NA	ASV265
ASV266	Bacteria	Firmicutes	Clostridia	Clostridiales	Lachnospiraceae	Lachnospiraceae_Genus_ASV266	NA	ASV266
ASV268	Bacteria	Firmicutes	Clostridia	Clostridiales	Ruminococcaceae	Oscillibacter	NA	ASV268
ASV269	Bacteria	Firmicutes	Clostridia	Clostridiales	Lachnospiraceae	GCA-900066575	NA	ASV269
ASV270	Bacteria	Firmicutes	Clostridia	Clostridiales	Ruminococcaceae	GCA-900066225	NA	ASV270
ASV271	Bacteria	Firmicutes	Clostridia	Clostridiales	Lachnospiraceae	ASF356	NA	ASV271
ASV272	Bacteria	Firmicutes	Clostridia	Clostridiales	Lachnospiraceae	GCA-900066575	NA	ASV272
ASV273	Bacteria	Firmicutes	Clostridia	Clostridiales	Ruminococcaceae	Ruminiclostridium_9	NA	ASV273
ASV274	Bacteria	Bacteroidetes	Bacteroidia	Bacteroidales	Tannerellaceae	Parabacteroides	NA	ASV274
ASV275	Bacteria	Firmicutes	Clostridia	Clostridiales	NA	NA_Genus_ASV275	NA	ASV275
ASV278	Bacteria	Firmicutes	Clostridia	Clostridiales	Lachnospiraceae	Lachnospiraceae_Genus_ASV278	NA	ASV278
ASV279	Bacteria	Actinobacteria	Actinobacteria	Bifidobacteriales	Bifidobacteriaceae	Bifidobacterium	NA	ASV279
ASV280	Bacteria	Tenericutes	Mollicutes	Mollicutes_RF39	NA	NA_Genus_ASV280	NA	ASV280
ASV281	Bacteria	Firmicutes	Clostridia	Clostridiales	Ruminococcaceae	Ruminococcaceae_Genus_ASV281	NA	ASV281
ASV282	Bacteria	Firmicutes	Clostridia	Clostridiales	Lachnospiraceae	Lachnospiraceae_Genus_ASV282	NA	ASV282
ASV283	Bacteria	Firmicutes	Clostridia	Clostridiales	Ruminococcaceae	Anaerotruncus	NA	ASV283
ASV284	Bacteria	Firmicutes	Clostridia	Clostridiales	Lachnospiraceae	Lachnospiraceae_Genus_ASV284	NA	ASV284
ASV285	Bacteria	Firmicutes	Clostridia	Clostridiales	Ruminococcaceae	Ruminiclostridium_5	NA	ASV285
ASV286	Bacteria	Firmicutes	Clostridia	Clostridiales	Lachnospiraceae	Lachnospiraceae_Genus_ASV286	NA	ASV286
ASV287	Bacteria	Firmicutes	Clostridia	Clostridiales	Lachnospiraceae	Lachnospiraceae_NK4A136_group	NA	ASV287
ASV289	Bacteria	Firmicutes	Clostridia	Clostridiales	Ruminococcaceae	Intestinimonas	NA	ASV289
ASV290	Bacteria	Firmicutes	Clostridia	Clostridiales	Lachnospiraceae	Lachnospiraceae_Genus_ASV290	NA	ASV290
ASV291	Bacteria	Firmicutes	Clostridia	Clostridiales	Ruminococcaceae	Ruminiclostridium	NA	ASV291
ASV292	Bacteria	Firmicutes	Clostridia	Clostridiales	Ruminococcaceae	Intestinimonas	NA	ASV292
ASV293	Bacteria	Firmicutes	Clostridia	Clostridiales	Ruminococcaceae	Ruminiclostridium	NA	ASV293
ASV294	Bacteria	Firmicutes	Clostridia	Clostridiales	Ruminococcaceae	Oscillibacter	NA	ASV294
ASV295	Bacteria	Firmicutes	Clostridia	Clostridiales	Ruminococcaceae	Ruminococcaceae_Genus_ASV295	NA	ASV295
ASV296	Bacteria	Firmicutes	Clostridia	Clostridiales	Lachnospiraceae	Eisenbergiella	tayi	ASV296
ASV297	Bacteria	Firmicutes	Clostridia	Clostridiales	Ruminococcaceae	Butyricicoccus	NA	ASV297
ASV298	Bacteria	Firmicutes	Clostridia	Clostridiales	Ruminococcaceae	Candidatus_Soleaferrea	NA	ASV298
ASV300	Bacteria	Firmicutes	Clostridia	Clostridiales	Lachnospiraceae	Lachnospiraceae_Genus_ASV300	NA	ASV300
ASV303	Bacteria	Firmicutes	Clostridia	Clostridiales	Ruminococcaceae	Ruminococcaceae_Genus_ASV303	NA	ASV303
ASV304	Bacteria	Bacteroidetes	Bacteroidia	Bacteroidales	Bacteroidaceae	Bacteroides	NA	ASV304
ASV305	Bacteria	Firmicutes	Clostridia	Clostridiales	Ruminococcaceae	Ruminiclostridium	NA	ASV305
ASV307	Bacteria	Firmicutes	Clostridia	Clostridiales	Ruminococcaceae	Intestinimonas	NA	ASV307
ASV309	Bacteria	Firmicutes	Clostridia	Clostridiales	Lachnospiraceae	Lachnoclostridium	NA	ASV309
ASV312	Bacteria	Firmicutes	Clostridia	Clostridiales	Lachnospiraceae	Lachnospiraceae_UCG-006	NA	ASV312
ASV314	Bacteria	Firmicutes	Clostridia	Clostridiales	Lachnospiraceae	Lachnospiraceae_Genus_ASV314	NA	ASV314
ASV315	Bacteria	Firmicutes	Clostridia	Clostridiales	Lachnospiraceae	Lachnospiraceae_Genus_ASV315	NA	ASV315
ASV316	Bacteria	Firmicutes	Clostridia	Clostridiales	Ruminococcaceae	Ruminiclostridium_5	NA	ASV316
ASV317	Bacteria	Firmicutes	Clostridia	Clostridiales	Ruminococcaceae	Butyricicoccus	NA	ASV317
ASV319	Bacteria	Firmicutes	Clostridia	Clostridiales	Lachnospiraceae	Lachnoclostridium	NA	ASV319
ASV321	Bacteria	Proteobacteria	Gammaproteobacteria	Oceanospirillales	Halomonadaceae	Halomonas	NA	ASV321
ASV322	Bacteria	Firmicutes	Clostridia	Clostridiales	Lachnospiraceae	Lachnoclostridium	NA	ASV322
ASV326	Bacteria	Firmicutes	Clostridia	Clostridiales	Lachnospiraceae	Eisenbergiella	NA	ASV326
ASV327	Bacteria	Firmicutes	Clostridia	Clostridiales	Lachnospiraceae	Lachnospiraceae_FCS020_group	NA	ASV327
ASV329	Bacteria	Firmicutes	Clostridia	Clostridiales	Lachnospiraceae	Lachnospiraceae_Genus_ASV329	NA	ASV329
ASV330	Bacteria	Firmicutes	Clostridia	Clostridiales	Lachnospiraceae	Lachnospiraceae_Genus_ASV330	NA	ASV330
ASV331	Bacteria	Firmicutes	Clostridia	Clostridiales	Lachnospiraceae	Lachnospiraceae_Genus_ASV331	NA	ASV331
ASV332	Bacteria	Tenericutes	Mollicutes	Mollicutes_RF39	NA	NA_Genus_ASV332	NA	ASV332
ASV333	Bacteria	Firmicutes	Clostridia	Clostridiales	Lachnospiraceae	Lachnospiraceae_Genus_ASV333	NA	ASV333
ASV334	Bacteria	Firmicutes	Clostridia	Clostridiales	Lachnospiraceae	Lachnospiraceae_Genus_ASV334	NA	ASV334
ASV335	Bacteria	Firmicutes	Clostridia	Clostridiales	Ruminococcaceae	Butyricicoccus	desmolans	ASV335
ASV337	Bacteria	Firmicutes	Clostridia	Clostridiales	Lachnospiraceae	GCA-900066575	NA	ASV337
ASV339	Bacteria	Firmicutes	Clostridia	Clostridiales	Lachnospiraceae	Roseburia	NA	ASV339
ASV340	Bacteria	Firmicutes	Clostridia	Clostridiales	Lachnospiraceae	Lachnospiraceae_Genus_ASV340	NA	ASV340
ASV342	Bacteria	Firmicutes	Clostridia	Clostridiales	Ruminococcaceae	Ruminiclostridium_5	NA	ASV342
ASV344	Bacteria	Firmicutes	Clostridia	Clostridiales	Ruminococcaceae	Ruminiclostridium_9	NA	ASV344
ASV346	Bacteria	Firmicutes	Clostridia	Clostridiales	Ruminococcaceae	Intestinimonas	NA	ASV346
ASV349	Bacteria	Firmicutes	Clostridia	Clostridiales	Lachnospiraceae	Lachnospiraceae_Genus_ASV349	NA	ASV349
ASV350	Bacteria	Firmicutes	Clostridia	Clostridiales	Family_XIII	Family_XIII_Genus_ASV350	NA	ASV350
ASV351	Bacteria	Firmicutes	Clostridia	Clostridiales	Lachnospiraceae	Lachnospiraceae_NK4A136_group	NA	ASV351
ASV352	Bacteria	Firmicutes	Clostridia	Clostridiales	Lachnospiraceae	Lachnoclostridium	NA	ASV352
ASV354	Bacteria	Tenericutes	Mollicutes	Mollicutes_RF39	NA	NA_Genus_ASV354	NA	ASV354
ASV355	Bacteria	Firmicutes	Clostridia	Clostridiales	Lachnospiraceae	Lachnospiraceae_Genus_ASV355	NA	ASV355
ASV356	Bacteria	Firmicutes	Clostridia	Clostridiales	Lachnospiraceae	Lachnospiraceae_UCG-006	NA	ASV356
ASV360	Bacteria	Firmicutes	Clostridia	Clostridiales	Lachnospiraceae	GCA-900066575	NA	ASV360
ASV361	Bacteria	Firmicutes	Clostridia	Clostridiales	Ruminococcaceae	Ruminococcaceae_Genus_ASV361	NA	ASV361
ASV365	Bacteria	Firmicutes	Clostridia	Clostridiales	Lachnospiraceae	Lachnospiraceae_Genus_ASV365	NA	ASV365
ASV367	Bacteria	Firmicutes	Clostridia	Clostridiales	Lachnospiraceae	Lachnospiraceae_NK4A136_group	NA	ASV367
ASV373	Bacteria	Firmicutes	Clostridia	Clostridiales	Lachnospiraceae	Acetatifactor	NA	ASV373
ASV376	Bacteria	Firmicutes	Clostridia	Clostridiales	Clostridiales_vadinBB60_group	Clostridiales_vadinBB60_group_Genus_ASV376	NA	ASV376
ASV377	Bacteria	Firmicutes	Clostridia	Clostridiales	Lachnospiraceae	Lachnospiraceae_NK4A136_group	NA	ASV377
ASV378	Bacteria	Firmicutes	Clostridia	Clostridiales	Lachnospiraceae	Lachnospiraceae_UCG-006	NA	ASV378
ASV379	Bacteria	Firmicutes	Clostridia	Clostridiales	Lachnospiraceae	Marvinbryantia	NA	ASV379
ASV381	Bacteria	Firmicutes	Clostridia	Clostridiales	Lachnospiraceae	Acetatifactor	muris	ASV381
ASV383	Bacteria	Firmicutes	Erysipelotrichia	Erysipelotrichales	Erysipelotrichaceae	Erysipelotrichaceae_Genus_ASV383	NA	ASV383
ASV390	Bacteria	Firmicutes	Erysipelotrichia	Erysipelotrichales	Erysipelotrichaceae	Erysipelotrichaceae_Genus_ASV390	NA	ASV390
ASV396	Bacteria	Firmicutes	Clostridia	Clostridiales	Lachnospiraceae	Lachnoclostridium	NA	ASV396
ASV397	Bacteria	Firmicutes	Clostridia	Clostridiales	Ruminococcaceae	GCA-900066225	NA	ASV397
ASV400	Bacteria	Actinobacteria	Coriobacteriia	Coriobacteriales	Eggerthellaceae	Enterorhabdus	NA	ASV400
ASV403	Bacteria	Firmicutes	Clostridia	Clostridiales	Lachnospiraceae	GCA-900066575	NA	ASV403
ASV406	Bacteria	Firmicutes	Clostridia	Clostridiales	Lachnospiraceae	ASF356	NA	ASV406
ASV409	Bacteria	Firmicutes	Clostridia	Clostridiales	Ruminococcaceae	Ruminococcaceae_UCG-014	NA	ASV409
ASV410	Bacteria	Firmicutes	Clostridia	Clostridiales	Lachnospiraceae	Lachnospiraceae_Genus_ASV410	NA	ASV410
ASV411	Bacteria	Actinobacteria	Coriobacteriia	Coriobacteriales	Eggerthellaceae	Eggerthella	lenta	ASV411
ASV413	Bacteria	Firmicutes	Clostridia	Clostridiales	Family_XIII	Family_XIII_Genus_ASV413	NA	ASV413
ASV415	Bacteria	Firmicutes	Erysipelotrichia	Erysipelotrichales	Erysipelotrichaceae	Erysipelotrichaceae_Genus_ASV415	NA	ASV415
ASV419	Bacteria	Verrucomicrobia	Verrucomicrobiae	Verrucomicrobiales	Akkermansiaceae	Akkermansia	NA	ASV419
ASV420	Bacteria	Firmicutes	Clostridia	Clostridiales	Lachnospiraceae	Lachnoclostridium_5	NA	ASV420
ASV424	Bacteria	Firmicutes	Clostridia	Clostridiales	Clostridiales_vadinBB60_group	Clostridiales_vadinBB60_group_Genus_ASV424	NA	ASV424
ASV429	Bacteria	Firmicutes	Clostridia	Clostridiales	Family_XIII	Family_XIII_AD3011_group	NA	ASV429
ASV434	Bacteria	Firmicutes	Clostridia	Clostridiales	Ruminococcaceae	Oscillibacter	NA	ASV434
ASV437	Bacteria	Firmicutes	Clostridia	Clostridiales	Lachnospiraceae	Lachnospiraceae_UCG-006	NA	ASV437
ASV440	Bacteria	Firmicutes	Clostridia	Clostridiales	Lachnospiraceae	Lachnospiraceae_UCG-006	NA	ASV440
ASV441	Bacteria	Bacteroidetes	Bacteroidia	Bacteroidales	Bacteroidaceae	Bacteroides	NA	ASV441
ASV443	Bacteria	Bacteroidetes	Bacteroidia	Bacteroidales	Tannerellaceae	Parabacteroides	NA	ASV443
ASV445	Bacteria	Firmicutes	Clostridia	Clostridiales	Ruminococcaceae	Ruminococcaceae_UCG-014	NA	ASV445
ASV451	Bacteria	Firmicutes	Clostridia	Clostridiales	Lachnospiraceae	Lachnospiraceae_UCG-006	bacterium	ASV451
ASV454	Bacteria	Firmicutes	Clostridia	Clostridiales	Peptococcaceae	Peptococcaceae_Genus_ASV454	NA	ASV454
ASV459	Bacteria	Firmicutes	Clostridia	Clostridiales	Family_XIII	Family_XIII_Genus_ASV459	NA	ASV459
ASV461	Bacteria	Firmicutes	Clostridia	Clostridiales	Lachnospiraceae	Lachnospiraceae_NK4A136_group	NA	ASV461
ASV465	Bacteria	Firmicutes	Erysipelotrichia	Erysipelotrichales	Erysipelotrichaceae	Dielma	fastidiosa	ASV465
ASV466	Bacteria	Tenericutes	Mollicutes	Mollicutes_RF39	NA	NA_Genus_ASV466	NA	ASV466
ASV469	Bacteria	Firmicutes	Clostridia	Clostridiales	Ruminococcaceae	GCA-900066225	NA	ASV469
ASV478	Bacteria	Firmicutes	Clostridia	Clostridiales	Lachnospiraceae	Lachnospiraceae_NK4A136_group	NA	ASV478
ASV480	Bacteria	Firmicutes	Clostridia	Clostridiales	Ruminococcaceae	Candidatus_Soleaferrea	NA	ASV480
ASV492	Bacteria	Firmicutes	Clostridia	Clostridiales	Ruminococcaceae	Ruminococcaceae_Genus_ASV492	NA	ASV492
ASV494	Bacteria	Firmicutes	Clostridia	Clostridiales	Family_XIII	Family_XIII_Genus_ASV494	NA	ASV494
ASV513	Bacteria	Firmicutes	Clostridia	Clostridiales	Lachnospiraceae	Blautia	NA	ASV513
ASV526	Bacteria	Firmicutes	Bacilli	Bacillales	Staphylococcaceae	Staphylococcus	NA	ASV526
ASV527	Bacteria	Firmicutes	Clostridia	Clostridiales	Family_XIII	Family_XIII_UCG-001	NA	ASV527
ASV558	Bacteria	Firmicutes	Bacilli	Bacillales	Staphylococcaceae	Staphylococcus	NA	ASV558
