sample_name	library_ID	title	library_strategy	library_source	library_selection	library_layout	platform	instrument_model	design_description	filetype	filename	filename2
ZAM1_s1	ZAM1_s1	16S metabarcoding of Mus musculus: young male feces	AMPLICON	METAGENOMIC	PCR	paired	ILLUMINA	Illumina MiSeq	Earth Microbiome Project 16S PCR protocol	fastq	ZAM1_s1_R1.fastq.gz	ZAM1_s1_R2.fastq.gz
ZAM1_s2	ZAM1_s2	16S metabarcoding of Mus musculus: young male feces	AMPLICON	METAGENOMIC	PCR	paired	ILLUMINA	Illumina MiSeq	Earth Microbiome Project 16S PCR protocol	fastq	ZAM1_s2_R1.fastq.gz	ZAM1_s2_R2.fastq.gz
ZAM1_s3	ZAM1_s3	16S metabarcoding of Mus musculus: young male feces	AMPLICON	METAGENOMIC	PCR	paired	ILLUMINA	Illumina MiSeq	Earth Microbiome Project 16S PCR protocol	fastq	ZAM1_s3_R1.fastq.gz	ZAM1_s3_R2.fastq.gz
ZAM1_s4	ZAM1_s4	16S metabarcoding of Mus musculus: young male feces	AMPLICON	METAGENOMIC	PCR	paired	ILLUMINA	Illumina MiSeq	Earth Microbiome Project 16S PCR protocol	fastq	ZAM1_s4_R1.fastq.gz	ZAM1_s4_R2.fastq.gz
ZAM1_s5	ZAM1_s5	16S metabarcoding of Mus musculus: young male feces	AMPLICON	METAGENOMIC	PCR	paired	ILLUMINA	Illumina MiSeq	Earth Microbiome Project 16S PCR protocol	fastq	ZAM1_s5_R1.fastq.gz	ZAM1_s5_R2.fastq.gz
ZAM1_s6	ZAM1_s6	16S metabarcoding of Mus musculus: young male feces	AMPLICON	METAGENOMIC	PCR	paired	ILLUMINA	Illumina MiSeq	Earth Microbiome Project 16S PCR protocol	fastq	ZAM1_s6_R1.fastq.gz	ZAM1_s6_R2.fastq.gz
ZAM1_s7	ZAM1_s7	16S metabarcoding of Mus musculus: young male feces	AMPLICON	METAGENOMIC	PCR	paired	ILLUMINA	Illumina MiSeq	Earth Microbiome Project 16S PCR protocol	fastq	ZAM1_s7_R1.fastq.gz	ZAM1_s7_R2.fastq.gz
ZAM1_s8	ZAM1_s8	16S metabarcoding of Mus musculus: young male feces	AMPLICON	METAGENOMIC	PCR	paired	ILLUMINA	Illumina MiSeq	Earth Microbiome Project 16S PCR protocol	fastq	ZAM1_s8_R1.fastq.gz	ZAM1_s8_R2.fastq.gz
ZAM1_s9	ZAM1_s9	16S metabarcoding of Mus musculus: young male feces	AMPLICON	METAGENOMIC	PCR	paired	ILLUMINA	Illumina MiSeq	Earth Microbiome Project 16S PCR protocol	fastq	ZAM1_s9_R1.fastq.gz	ZAM1_s9_R2.fastq.gz
ZAM1_s10	ZAM1_s10	16S metabarcoding of Mus musculus: young male feces	AMPLICON	METAGENOMIC	PCR	paired	ILLUMINA	Illumina MiSeq	Earth Microbiome Project 16S PCR protocol	fastq	ZAM1_s10_R1.fastq.gz	ZAM1_s10_R2.fastq.gz
ZAM1_s11	ZAM1_s11	16S metabarcoding of Mus musculus: old male feces	AMPLICON	METAGENOMIC	PCR	paired	ILLUMINA	Illumina MiSeq	Earth Microbiome Project 16S PCR protocol	fastq	ZAM1_s11_R1.fastq.gz	ZAM1_s11_R2.fastq.gz
ZAM1_s12	ZAM1_s12	16S metabarcoding of Mus musculus: old male feces	AMPLICON	METAGENOMIC	PCR	paired	ILLUMINA	Illumina MiSeq	Earth Microbiome Project 16S PCR protocol	fastq	ZAM1_s12_R1.fastq.gz	ZAM1_s12_R2.fastq.gz
ZAM1_s13	ZAM1_s13	16S metabarcoding of Mus musculus: old male feces	AMPLICON	METAGENOMIC	PCR	paired	ILLUMINA	Illumina MiSeq	Earth Microbiome Project 16S PCR protocol	fastq	ZAM1_s13_R1.fastq.gz	ZAM1_s13_R2.fastq.gz
ZAM1_s14	ZAM1_s14	16S metabarcoding of Mus musculus: old male feces	AMPLICON	METAGENOMIC	PCR	paired	ILLUMINA	Illumina MiSeq	Earth Microbiome Project 16S PCR protocol	fastq	ZAM1_s14_R1.fastq.gz	ZAM1_s14_R2.fastq.gz
ZAM1_s15	ZAM1_s15	16S metabarcoding of Mus musculus: old male feces	AMPLICON	METAGENOMIC	PCR	paired	ILLUMINA	Illumina MiSeq	Earth Microbiome Project 16S PCR protocol	fastq	ZAM1_s15_R1.fastq.gz	ZAM1_s15_R2.fastq.gz
ZAM1_s16	ZAM1_s16	16S metabarcoding of Mus musculus: old male feces	AMPLICON	METAGENOMIC	PCR	paired	ILLUMINA	Illumina MiSeq	Earth Microbiome Project 16S PCR protocol	fastq	ZAM1_s16_R1.fastq.gz	ZAM1_s16_R2.fastq.gz
ZAM1_s17	ZAM1_s17	16S metabarcoding of Mus musculus: old male feces	AMPLICON	METAGENOMIC	PCR	paired	ILLUMINA	Illumina MiSeq	Earth Microbiome Project 16S PCR protocol	fastq	ZAM1_s17_R1.fastq.gz	ZAM1_s17_R2.fastq.gz
ZAM1_s18	ZAM1_s18	16S metabarcoding of Mus musculus: old male feces	AMPLICON	METAGENOMIC	PCR	paired	ILLUMINA	Illumina MiSeq	Earth Microbiome Project 16S PCR protocol	fastq	ZAM1_s18_R1.fastq.gz	ZAM1_s18_R2.fastq.gz
ZAM1_s19	ZAM1_s19	16S metabarcoding of Mus musculus: old male feces	AMPLICON	METAGENOMIC	PCR	paired	ILLUMINA	Illumina MiSeq	Earth Microbiome Project 16S PCR protocol	fastq	ZAM1_s19_R1.fastq.gz	ZAM1_s19_R2.fastq.gz
ZAM1_s20	ZAM1_s20	16S metabarcoding of Mus musculus: young male feces	AMPLICON	METAGENOMIC	PCR	paired	ILLUMINA	Illumina MiSeq	Earth Microbiome Project 16S PCR protocol	fastq	ZAM1_s20_R1.fastq.gz	ZAM1_s20_R2.fastq.gz
ZAM1_s21	ZAM1_s21	16S metabarcoding of Mus musculus: young male feces	AMPLICON	METAGENOMIC	PCR	paired	ILLUMINA	Illumina MiSeq	Earth Microbiome Project 16S PCR protocol	fastq	ZAM1_s21_R1.fastq.gz	ZAM1_s21_R2.fastq.gz
ZAM1_s22	ZAM1_s22	16S metabarcoding of Mus musculus: young male feces	AMPLICON	METAGENOMIC	PCR	paired	ILLUMINA	Illumina MiSeq	Earth Microbiome Project 16S PCR protocol	fastq	ZAM1_s22_R1.fastq.gz	ZAM1_s22_R2.fastq.gz
ZAM1_s23	ZAM1_s23	16S metabarcoding of Mus musculus: young male feces	AMPLICON	METAGENOMIC	PCR	paired	ILLUMINA	Illumina MiSeq	Earth Microbiome Project 16S PCR protocol	fastq	ZAM1_s23_R1.fastq.gz	ZAM1_s23_R2.fastq.gz
ZAM1_s24	ZAM1_s24	16S metabarcoding of Mus musculus: young male feces	AMPLICON	METAGENOMIC	PCR	paired	ILLUMINA	Illumina MiSeq	Earth Microbiome Project 16S PCR protocol	fastq	ZAM1_s24_R1.fastq.gz	ZAM1_s24_R2.fastq.gz
ZAM1_s25	ZAM1_s25	16S metabarcoding of Mus musculus: young male feces	AMPLICON	METAGENOMIC	PCR	paired	ILLUMINA	Illumina MiSeq	Earth Microbiome Project 16S PCR protocol	fastq	ZAM1_s25_R1.fastq.gz	ZAM1_s25_R2.fastq.gz
ZAM1_s26	ZAM1_s26	16S metabarcoding of Mus musculus: young male feces	AMPLICON	METAGENOMIC	PCR	paired	ILLUMINA	Illumina MiSeq	Earth Microbiome Project 16S PCR protocol	fastq	ZAM1_s26_R1.fastq.gz	ZAM1_s26_R2.fastq.gz
ZAM1_s27	ZAM1_s27	16S metabarcoding of Mus musculus: young male feces	AMPLICON	METAGENOMIC	PCR	paired	ILLUMINA	Illumina MiSeq	Earth Microbiome Project 16S PCR protocol	fastq	ZAM1_s27_R1.fastq.gz	ZAM1_s27_R2.fastq.gz
ZAM1_s28	ZAM1_s28	16S metabarcoding of Mus musculus: young male feces	AMPLICON	METAGENOMIC	PCR	paired	ILLUMINA	Illumina MiSeq	Earth Microbiome Project 16S PCR protocol	fastq	ZAM1_s28_R1.fastq.gz	ZAM1_s28_R2.fastq.gz
ZAM1_s29	ZAM1_s29	16S metabarcoding of Mus musculus: young male feces	AMPLICON	METAGENOMIC	PCR	paired	ILLUMINA	Illumina MiSeq	Earth Microbiome Project 16S PCR protocol	fastq	ZAM1_s29_R1.fastq.gz	ZAM1_s29_R2.fastq.gz
ZAM1_s30	ZAM1_s30	16S metabarcoding of Mus musculus: old male feces	AMPLICON	METAGENOMIC	PCR	paired	ILLUMINA	Illumina MiSeq	Earth Microbiome Project 16S PCR protocol	fastq	ZAM1_s30_R1.fastq.gz	ZAM1_s30_R2.fastq.gz
ZAM1_s31	ZAM1_s31	16S metabarcoding of Mus musculus: old male feces	AMPLICON	METAGENOMIC	PCR	paired	ILLUMINA	Illumina MiSeq	Earth Microbiome Project 16S PCR protocol	fastq	ZAM1_s31_R1.fastq.gz	ZAM1_s31_R2.fastq.gz
ZAM1_s32	ZAM1_s32	16S metabarcoding of Mus musculus: old male feces	AMPLICON	METAGENOMIC	PCR	paired	ILLUMINA	Illumina MiSeq	Earth Microbiome Project 16S PCR protocol	fastq	ZAM1_s32_R1.fastq.gz	ZAM1_s32_R2.fastq.gz
ZAM1_s33	ZAM1_s33	16S metabarcoding of Mus musculus: old male feces	AMPLICON	METAGENOMIC	PCR	paired	ILLUMINA	Illumina MiSeq	Earth Microbiome Project 16S PCR protocol	fastq	ZAM1_s33_R1.fastq.gz	ZAM1_s33_R2.fastq.gz
ZAM1_s34	ZAM1_s34	16S metabarcoding of Mus musculus: old male feces	AMPLICON	METAGENOMIC	PCR	paired	ILLUMINA	Illumina MiSeq	Earth Microbiome Project 16S PCR protocol	fastq	ZAM1_s34_R1.fastq.gz	ZAM1_s34_R2.fastq.gz
ZAM1_s35	ZAM1_s35	16S metabarcoding of Mus musculus: old male feces	AMPLICON	METAGENOMIC	PCR	paired	ILLUMINA	Illumina MiSeq	Earth Microbiome Project 16S PCR protocol	fastq	ZAM1_s35_R1.fastq.gz	ZAM1_s35_R2.fastq.gz
ZAM1_s36	ZAM1_s36	16S metabarcoding of Mus musculus: old male feces	AMPLICON	METAGENOMIC	PCR	paired	ILLUMINA	Illumina MiSeq	Earth Microbiome Project 16S PCR protocol	fastq	ZAM1_s36_R1.fastq.gz	ZAM1_s36_R2.fastq.gz
ZAM1_s37	ZAM1_s37	16S metabarcoding of Mus musculus: old male feces	AMPLICON	METAGENOMIC	PCR	paired	ILLUMINA	Illumina MiSeq	Earth Microbiome Project 16S PCR protocol	fastq	ZAM1_s37_R1.fastq.gz	ZAM1_s37_R2.fastq.gz
ZAM1_s38	ZAM1_s38	16S metabarcoding of Mus musculus: old male feces	AMPLICON	METAGENOMIC	PCR	paired	ILLUMINA	Illumina MiSeq	Earth Microbiome Project 16S PCR protocol	fastq	ZAM1_s38_R1.fastq.gz	ZAM1_s38_R2.fastq.gz
ZAM1_s39	ZAM1_s39	16S metabarcoding of Mus musculus: young male feces	AMPLICON	METAGENOMIC	PCR	paired	ILLUMINA	Illumina MiSeq	Earth Microbiome Project 16S PCR protocol	fastq	ZAM1_s39_R1.fastq.gz	ZAM1_s39_R2.fastq.gz
ZAM1_s40	ZAM1_s40	16S metabarcoding of Mus musculus: young male feces	AMPLICON	METAGENOMIC	PCR	paired	ILLUMINA	Illumina MiSeq	Earth Microbiome Project 16S PCR protocol	fastq	ZAM1_s40_R1.fastq.gz	ZAM1_s40_R2.fastq.gz
ZAM1_s41	ZAM1_s41	16S metabarcoding of Mus musculus: young male feces	AMPLICON	METAGENOMIC	PCR	paired	ILLUMINA	Illumina MiSeq	Earth Microbiome Project 16S PCR protocol	fastq	ZAM1_s41_R1.fastq.gz	ZAM1_s41_R2.fastq.gz
ZAM1_s42	ZAM1_s42	16S metabarcoding of Mus musculus: young male feces	AMPLICON	METAGENOMIC	PCR	paired	ILLUMINA	Illumina MiSeq	Earth Microbiome Project 16S PCR protocol	fastq	ZAM1_s42_R1.fastq.gz	ZAM1_s42_R2.fastq.gz
ZAM1_s43	ZAM1_s43	16S metabarcoding of Mus musculus: young male feces	AMPLICON	METAGENOMIC	PCR	paired	ILLUMINA	Illumina MiSeq	Earth Microbiome Project 16S PCR protocol	fastq	ZAM1_s43_R1.fastq.gz	ZAM1_s43_R2.fastq.gz
ZAM1_s44	ZAM1_s44	16S metabarcoding of Mus musculus: young male feces	AMPLICON	METAGENOMIC	PCR	paired	ILLUMINA	Illumina MiSeq	Earth Microbiome Project 16S PCR protocol	fastq	ZAM1_s44_R1.fastq.gz	ZAM1_s44_R2.fastq.gz
ZAM1_s45	ZAM1_s45	16S metabarcoding of Mus musculus: young male feces	AMPLICON	METAGENOMIC	PCR	paired	ILLUMINA	Illumina MiSeq	Earth Microbiome Project 16S PCR protocol	fastq	ZAM1_s45_R1.fastq.gz	ZAM1_s45_R2.fastq.gz
ZAM1_s46	ZAM1_s46	16S metabarcoding of Mus musculus: young male feces	AMPLICON	METAGENOMIC	PCR	paired	ILLUMINA	Illumina MiSeq	Earth Microbiome Project 16S PCR protocol	fastq	ZAM1_s46_R1.fastq.gz	ZAM1_s46_R2.fastq.gz
ZAM1_s47	ZAM1_s47	16S metabarcoding of Mus musculus: young male feces	AMPLICON	METAGENOMIC	PCR	paired	ILLUMINA	Illumina MiSeq	Earth Microbiome Project 16S PCR protocol	fastq	ZAM1_s47_R1.fastq.gz	ZAM1_s47_R2.fastq.gz
ZAM1_s48	ZAM1_s48	16S metabarcoding of Mus musculus: young male feces	AMPLICON	METAGENOMIC	PCR	paired	ILLUMINA	Illumina MiSeq	Earth Microbiome Project 16S PCR protocol	fastq	ZAM1_s48_R1.fastq.gz	ZAM1_s48_R2.fastq.gz
ZAM1_s49	ZAM1_s49	16S metabarcoding of Mus musculus: old male feces	AMPLICON	METAGENOMIC	PCR	paired	ILLUMINA	Illumina MiSeq	Earth Microbiome Project 16S PCR protocol	fastq	ZAM1_s49_R1.fastq.gz	ZAM1_s49_R2.fastq.gz
ZAM1_s50	ZAM1_s50	16S metabarcoding of Mus musculus: old male feces	AMPLICON	METAGENOMIC	PCR	paired	ILLUMINA	Illumina MiSeq	Earth Microbiome Project 16S PCR protocol	fastq	ZAM1_s50_R1.fastq.gz	ZAM1_s50_R2.fastq.gz
ZAM1_s51	ZAM1_s51	16S metabarcoding of Mus musculus: old male feces	AMPLICON	METAGENOMIC	PCR	paired	ILLUMINA	Illumina MiSeq	Earth Microbiome Project 16S PCR protocol	fastq	ZAM1_s51_R1.fastq.gz	ZAM1_s51_R2.fastq.gz
ZAM1_s52	ZAM1_s52	16S metabarcoding of Mus musculus: old male feces	AMPLICON	METAGENOMIC	PCR	paired	ILLUMINA	Illumina MiSeq	Earth Microbiome Project 16S PCR protocol	fastq	ZAM1_s52_R1.fastq.gz	ZAM1_s52_R2.fastq.gz
ZAM1_s53	ZAM1_s53	16S metabarcoding of Mus musculus: old male feces	AMPLICON	METAGENOMIC	PCR	paired	ILLUMINA	Illumina MiSeq	Earth Microbiome Project 16S PCR protocol	fastq	ZAM1_s53_R1.fastq.gz	ZAM1_s53_R2.fastq.gz
ZAM1_s54	ZAM1_s54	16S metabarcoding of Mus musculus: old male feces	AMPLICON	METAGENOMIC	PCR	paired	ILLUMINA	Illumina MiSeq	Earth Microbiome Project 16S PCR protocol	fastq	ZAM1_s54_R1.fastq.gz	ZAM1_s54_R2.fastq.gz
ZAM1_s55	ZAM1_s55	16S metabarcoding of Mus musculus: old male feces	AMPLICON	METAGENOMIC	PCR	paired	ILLUMINA	Illumina MiSeq	Earth Microbiome Project 16S PCR protocol	fastq	ZAM1_s55_R1.fastq.gz	ZAM1_s55_R2.fastq.gz
ZAM1_s56	ZAM1_s56	16S metabarcoding of Mus musculus: old male feces	AMPLICON	METAGENOMIC	PCR	paired	ILLUMINA	Illumina MiSeq	Earth Microbiome Project 16S PCR protocol	fastq	ZAM1_s56_R1.fastq.gz	ZAM1_s56_R2.fastq.gz
ZAM1_s57	ZAM1_s57	16S metabarcoding of Mus musculus: young male feces	AMPLICON	METAGENOMIC	PCR	paired	ILLUMINA	Illumina MiSeq	Earth Microbiome Project 16S PCR protocol	fastq	ZAM1_s57_R1.fastq.gz	ZAM1_s57_R2.fastq.gz
ZAM1_s58	ZAM1_s58	16S metabarcoding of Mus musculus: young male feces	AMPLICON	METAGENOMIC	PCR	paired	ILLUMINA	Illumina MiSeq	Earth Microbiome Project 16S PCR protocol	fastq	ZAM1_s58_R1.fastq.gz	ZAM1_s58_R2.fastq.gz
ZAM1_s59	ZAM1_s59	16S metabarcoding of Mus musculus: young male feces	AMPLICON	METAGENOMIC	PCR	paired	ILLUMINA	Illumina MiSeq	Earth Microbiome Project 16S PCR protocol	fastq	ZAM1_s59_R1.fastq.gz	ZAM1_s59_R2.fastq.gz
ZAM1_s60	ZAM1_s60	16S metabarcoding of Mus musculus: young male feces	AMPLICON	METAGENOMIC	PCR	paired	ILLUMINA	Illumina MiSeq	Earth Microbiome Project 16S PCR protocol	fastq	ZAM1_s60_R1.fastq.gz	ZAM1_s60_R2.fastq.gz
ZAM1_s61	ZAM1_s61	16S metabarcoding of Mus musculus: young male feces	AMPLICON	METAGENOMIC	PCR	paired	ILLUMINA	Illumina MiSeq	Earth Microbiome Project 16S PCR protocol	fastq	ZAM1_s61_R1.fastq.gz	ZAM1_s61_R2.fastq.gz
ZAM1_s62	ZAM1_s62	16S metabarcoding of Mus musculus: young male feces	AMPLICON	METAGENOMIC	PCR	paired	ILLUMINA	Illumina MiSeq	Earth Microbiome Project 16S PCR protocol	fastq	ZAM1_s62_R1.fastq.gz	ZAM1_s62_R2.fastq.gz
ZAM1_s63	ZAM1_s63	16S metabarcoding of Mus musculus: young male feces	AMPLICON	METAGENOMIC	PCR	paired	ILLUMINA	Illumina MiSeq	Earth Microbiome Project 16S PCR protocol	fastq	ZAM1_s63_R1.fastq.gz	ZAM1_s63_R2.fastq.gz
ZAM1_s64	ZAM1_s64	16S metabarcoding of Mus musculus: young male feces	AMPLICON	METAGENOMIC	PCR	paired	ILLUMINA	Illumina MiSeq	Earth Microbiome Project 16S PCR protocol	fastq	ZAM1_s64_R1.fastq.gz	ZAM1_s64_R2.fastq.gz
ZAM1_s65	ZAM1_s65	16S metabarcoding of Mus musculus: young male feces	AMPLICON	METAGENOMIC	PCR	paired	ILLUMINA	Illumina MiSeq	Earth Microbiome Project 16S PCR protocol	fastq	ZAM1_s65_R1.fastq.gz	ZAM1_s65_R2.fastq.gz
ZAM1_s66	ZAM1_s66	16S metabarcoding of Mus musculus: young male feces	AMPLICON	METAGENOMIC	PCR	paired	ILLUMINA	Illumina MiSeq	Earth Microbiome Project 16S PCR protocol	fastq	ZAM1_s66_R1.fastq.gz	ZAM1_s66_R2.fastq.gz
ZAM1_s67	ZAM1_s67	16S metabarcoding of Mus musculus: old male feces	AMPLICON	METAGENOMIC	PCR	paired	ILLUMINA	Illumina MiSeq	Earth Microbiome Project 16S PCR protocol	fastq	ZAM1_s67_R1.fastq.gz	ZAM1_s67_R2.fastq.gz
ZAM1_s68	ZAM1_s68	16S metabarcoding of Mus musculus: old male feces	AMPLICON	METAGENOMIC	PCR	paired	ILLUMINA	Illumina MiSeq	Earth Microbiome Project 16S PCR protocol	fastq	ZAM1_s68_R1.fastq.gz	ZAM1_s68_R2.fastq.gz
ZAM1_s69	ZAM1_s69	16S metabarcoding of Mus musculus: old male feces	AMPLICON	METAGENOMIC	PCR	paired	ILLUMINA	Illumina MiSeq	Earth Microbiome Project 16S PCR protocol	fastq	ZAM1_s69_R1.fastq.gz	ZAM1_s69_R2.fastq.gz
ZAM1_s70	ZAM1_s70	16S metabarcoding of Mus musculus: old male feces	AMPLICON	METAGENOMIC	PCR	paired	ILLUMINA	Illumina MiSeq	Earth Microbiome Project 16S PCR protocol	fastq	ZAM1_s70_R1.fastq.gz	ZAM1_s70_R2.fastq.gz
ZAM1_s71	ZAM1_s71	16S metabarcoding of Mus musculus: old male feces	AMPLICON	METAGENOMIC	PCR	paired	ILLUMINA	Illumina MiSeq	Earth Microbiome Project 16S PCR protocol	fastq	ZAM1_s71_R1.fastq.gz	ZAM1_s71_R2.fastq.gz
ZAM1_s72	ZAM1_s72	16S metabarcoding of Mus musculus: old male feces	AMPLICON	METAGENOMIC	PCR	paired	ILLUMINA	Illumina MiSeq	Earth Microbiome Project 16S PCR protocol	fastq	ZAM1_s72_R1.fastq.gz	ZAM1_s72_R2.fastq.gz
ZAM1_s73	ZAM1_s73	16S metabarcoding of Mus musculus: old male feces	AMPLICON	METAGENOMIC	PCR	paired	ILLUMINA	Illumina MiSeq	Earth Microbiome Project 16S PCR protocol	fastq	ZAM1_s73_R1.fastq.gz	ZAM1_s73_R2.fastq.gz
ZAM1_s74	ZAM1_s74	16S metabarcoding of Mus musculus: old male feces	AMPLICON	METAGENOMIC	PCR	paired	ILLUMINA	Illumina MiSeq	Earth Microbiome Project 16S PCR protocol	fastq	ZAM1_s74_R1.fastq.gz	ZAM1_s74_R2.fastq.gz
ZAM1_s75	ZAM1_s75	16S metabarcoding of Mus musculus: old male feces	AMPLICON	METAGENOMIC	PCR	paired	ILLUMINA	Illumina MiSeq	Earth Microbiome Project 16S PCR protocol	fastq	ZAM1_s75_R1.fastq.gz	ZAM1_s75_R2.fastq.gz
ZAM1_s76	ZAM1_s76	16S metabarcoding of Mus musculus: young male cecum	AMPLICON	METAGENOMIC	PCR	paired	ILLUMINA	Illumina MiSeq	Earth Microbiome Project 16S PCR protocol	fastq	ZAM1_s76_R1.fastq.gz	ZAM1_s76_R2.fastq.gz
ZAM1_s77	ZAM1_s77	16S metabarcoding of Mus musculus: young male cecum	AMPLICON	METAGENOMIC	PCR	paired	ILLUMINA	Illumina MiSeq	Earth Microbiome Project 16S PCR protocol	fastq	ZAM1_s77_R1.fastq.gz	ZAM1_s77_R2.fastq.gz
ZAM1_s78	ZAM1_s78	16S metabarcoding of Mus musculus: young male cecum	AMPLICON	METAGENOMIC	PCR	paired	ILLUMINA	Illumina MiSeq	Earth Microbiome Project 16S PCR protocol	fastq	ZAM1_s78_R1.fastq.gz	ZAM1_s78_R2.fastq.gz
ZAM1_s79	ZAM1_s79	16S metabarcoding of Mus musculus: young male cecum	AMPLICON	METAGENOMIC	PCR	paired	ILLUMINA	Illumina MiSeq	Earth Microbiome Project 16S PCR protocol	fastq	ZAM1_s79_R1.fastq.gz	ZAM1_s79_R2.fastq.gz
ZAM1_s80	ZAM1_s80	16S metabarcoding of Mus musculus: young male cecum	AMPLICON	METAGENOMIC	PCR	paired	ILLUMINA	Illumina MiSeq	Earth Microbiome Project 16S PCR protocol	fastq	ZAM1_s80_R1.fastq.gz	ZAM1_s80_R2.fastq.gz
ZAM1_s81	ZAM1_s81	16S metabarcoding of Mus musculus: young male cecum	AMPLICON	METAGENOMIC	PCR	paired	ILLUMINA	Illumina MiSeq	Earth Microbiome Project 16S PCR protocol	fastq	ZAM1_s81_R1.fastq.gz	ZAM1_s81_R2.fastq.gz
ZAM1_s82	ZAM1_s82	16S metabarcoding of Mus musculus: young male cecum	AMPLICON	METAGENOMIC	PCR	paired	ILLUMINA	Illumina MiSeq	Earth Microbiome Project 16S PCR protocol	fastq	ZAM1_s82_R1.fastq.gz	ZAM1_s82_R2.fastq.gz
ZAM1_s83	ZAM1_s83	16S metabarcoding of Mus musculus: young male cecum	AMPLICON	METAGENOMIC	PCR	paired	ILLUMINA	Illumina MiSeq	Earth Microbiome Project 16S PCR protocol	fastq	ZAM1_s83_R1.fastq.gz	ZAM1_s83_R2.fastq.gz
ZAM1_s84	ZAM1_s84	16S metabarcoding of Mus musculus: young male cecum	AMPLICON	METAGENOMIC	PCR	paired	ILLUMINA	Illumina MiSeq	Earth Microbiome Project 16S PCR protocol	fastq	ZAM1_s84_R1.fastq.gz	ZAM1_s84_R2.fastq.gz
ZAM1_s85	ZAM1_s85	16S metabarcoding of Mus musculus: young male cecum	AMPLICON	METAGENOMIC	PCR	paired	ILLUMINA	Illumina MiSeq	Earth Microbiome Project 16S PCR protocol	fastq	ZAM1_s85_R1.fastq.gz	ZAM1_s85_R2.fastq.gz
ZAM1_s86	ZAM1_s86	16S metabarcoding of Mus musculus: old male cecum	AMPLICON	METAGENOMIC	PCR	paired	ILLUMINA	Illumina MiSeq	Earth Microbiome Project 16S PCR protocol	fastq	ZAM1_s86_R1.fastq.gz	ZAM1_s86_R2.fastq.gz
ZAM1_s87	ZAM1_s87	16S metabarcoding of Mus musculus: old male cecum	AMPLICON	METAGENOMIC	PCR	paired	ILLUMINA	Illumina MiSeq	Earth Microbiome Project 16S PCR protocol	fastq	ZAM1_s87_R1.fastq.gz	ZAM1_s87_R2.fastq.gz
ZAM1_s88	ZAM1_s88	16S metabarcoding of Mus musculus: old male cecum	AMPLICON	METAGENOMIC	PCR	paired	ILLUMINA	Illumina MiSeq	Earth Microbiome Project 16S PCR protocol	fastq	ZAM1_s88_R1.fastq.gz	ZAM1_s88_R2.fastq.gz
ZAM1_s89	ZAM1_s89	16S metabarcoding of Mus musculus: old male cecum	AMPLICON	METAGENOMIC	PCR	paired	ILLUMINA	Illumina MiSeq	Earth Microbiome Project 16S PCR protocol	fastq	ZAM1_s89_R1.fastq.gz	ZAM1_s89_R2.fastq.gz
ZAM1_s90	ZAM1_s90	16S metabarcoding of Mus musculus: old male cecum	AMPLICON	METAGENOMIC	PCR	paired	ILLUMINA	Illumina MiSeq	Earth Microbiome Project 16S PCR protocol	fastq	ZAM1_s90_R1.fastq.gz	ZAM1_s90_R2.fastq.gz
ZAM1_s91	ZAM1_s91	16S metabarcoding of Mus musculus: old male cecum	AMPLICON	METAGENOMIC	PCR	paired	ILLUMINA	Illumina MiSeq	Earth Microbiome Project 16S PCR protocol	fastq	ZAM1_s91_R1.fastq.gz	ZAM1_s91_R2.fastq.gz
ZAM1_s92	ZAM1_s92	16S metabarcoding of Mus musculus: old male cecum	AMPLICON	METAGENOMIC	PCR	paired	ILLUMINA	Illumina MiSeq	Earth Microbiome Project 16S PCR protocol	fastq	ZAM1_s92_R1.fastq.gz	ZAM1_s92_R2.fastq.gz
ZAM1_s93	ZAM1_s93	16S metabarcoding of Mus musculus: old male cecum	AMPLICON	METAGENOMIC	PCR	paired	ILLUMINA	Illumina MiSeq	Earth Microbiome Project 16S PCR protocol	fastq	ZAM1_s93_R1.fastq.gz	ZAM1_s93_R2.fastq.gz
ZAM1_s94	ZAM1_s94	16S metabarcoding of Mus musculus: old male cecum	AMPLICON	METAGENOMIC	PCR	paired	ILLUMINA	Illumina MiSeq	Earth Microbiome Project 16S PCR protocol	fastq	ZAM1_s94_R1.fastq.gz	ZAM1_s94_R2.fastq.gz
ZAM1_s95	ZAM1_s95	16S metabarcoding of Mus musculus: young male cecum	AMPLICON	METAGENOMIC	PCR	paired	ILLUMINA	Illumina MiSeq	Earth Microbiome Project 16S PCR protocol	fastq	ZAM1_s95_R1.fastq.gz	ZAM1_s95_R2.fastq.gz
ZAM1_s96	ZAM1_s96	16S metabarcoding of Mus musculus: young male cecum	AMPLICON	METAGENOMIC	PCR	paired	ILLUMINA	Illumina MiSeq	Earth Microbiome Project 16S PCR protocol	fastq	ZAM1_s96_R1.fastq.gz	ZAM1_s96_R2.fastq.gz
ZAM1_s97	ZAM1_s97	16S metabarcoding of Mus musculus: young male cecum	AMPLICON	METAGENOMIC	PCR	paired	ILLUMINA	Illumina MiSeq	Earth Microbiome Project 16S PCR protocol	fastq	ZAM1_s97_R1.fastq.gz	ZAM1_s97_R2.fastq.gz
ZAM1_s98	ZAM1_s98	16S metabarcoding of Mus musculus: young male cecum	AMPLICON	METAGENOMIC	PCR	paired	ILLUMINA	Illumina MiSeq	Earth Microbiome Project 16S PCR protocol	fastq	ZAM1_s98_R1.fastq.gz	ZAM1_s98_R2.fastq.gz
ZAM1_s99	ZAM1_s99	16S metabarcoding of Mus musculus: young male cecum	AMPLICON	METAGENOMIC	PCR	paired	ILLUMINA	Illumina MiSeq	Earth Microbiome Project 16S PCR protocol	fastq	ZAM1_s99_R1.fastq.gz	ZAM1_s99_R2.fastq.gz
ZAM1_s100	ZAM1_s100	16S metabarcoding of Mus musculus: young male cecum	AMPLICON	METAGENOMIC	PCR	paired	ILLUMINA	Illumina MiSeq	Earth Microbiome Project 16S PCR protocol	fastq	ZAM1_s100_R1.fastq.gz	ZAM1_s100_R2.fastq.gz
ZAM1_s101	ZAM1_s101	16S metabarcoding of Mus musculus: young male cecum	AMPLICON	METAGENOMIC	PCR	paired	ILLUMINA	Illumina MiSeq	Earth Microbiome Project 16S PCR protocol	fastq	ZAM1_s101_R1.fastq.gz	ZAM1_s101_R2.fastq.gz
ZAM1_s102	ZAM1_s102	16S metabarcoding of Mus musculus: young male cecum	AMPLICON	METAGENOMIC	PCR	paired	ILLUMINA	Illumina MiSeq	Earth Microbiome Project 16S PCR protocol	fastq	ZAM1_s102_R1.fastq.gz	ZAM1_s102_R2.fastq.gz
ZAM1_s103	ZAM1_s103	16S metabarcoding of Mus musculus: young male cecum	AMPLICON	METAGENOMIC	PCR	paired	ILLUMINA	Illumina MiSeq	Earth Microbiome Project 16S PCR protocol	fastq	ZAM1_s103_R1.fastq.gz	ZAM1_s103_R2.fastq.gz
ZAM1_s104	ZAM1_s104	16S metabarcoding of Mus musculus: young male cecum	AMPLICON	METAGENOMIC	PCR	paired	ILLUMINA	Illumina MiSeq	Earth Microbiome Project 16S PCR protocol	fastq	ZAM1_s104_R1.fastq.gz	ZAM1_s104_R2.fastq.gz
ZAM1_s105	ZAM1_s105	16S metabarcoding of Mus musculus: old male cecum	AMPLICON	METAGENOMIC	PCR	paired	ILLUMINA	Illumina MiSeq	Earth Microbiome Project 16S PCR protocol	fastq	ZAM1_s105_R1.fastq.gz	ZAM1_s105_R2.fastq.gz
ZAM1_s106	ZAM1_s106	16S metabarcoding of Mus musculus: old male cecum	AMPLICON	METAGENOMIC	PCR	paired	ILLUMINA	Illumina MiSeq	Earth Microbiome Project 16S PCR protocol	fastq	ZAM1_s106_R1.fastq.gz	ZAM1_s106_R2.fastq.gz
ZAM1_s107	ZAM1_s107	16S metabarcoding of Mus musculus: old male cecum	AMPLICON	METAGENOMIC	PCR	paired	ILLUMINA	Illumina MiSeq	Earth Microbiome Project 16S PCR protocol	fastq	ZAM1_s107_R1.fastq.gz	ZAM1_s107_R2.fastq.gz
ZAM1_s108	ZAM1_s108	16S metabarcoding of Mus musculus: old male cecum	AMPLICON	METAGENOMIC	PCR	paired	ILLUMINA	Illumina MiSeq	Earth Microbiome Project 16S PCR protocol	fastq	ZAM1_s108_R1.fastq.gz	ZAM1_s108_R2.fastq.gz
ZAM1_s109	ZAM1_s109	16S metabarcoding of Mus musculus: old male cecum	AMPLICON	METAGENOMIC	PCR	paired	ILLUMINA	Illumina MiSeq	Earth Microbiome Project 16S PCR protocol	fastq	ZAM1_s109_R1.fastq.gz	ZAM1_s109_R2.fastq.gz
ZAM1_s110	ZAM1_s110	16S metabarcoding of Mus musculus: old male cecum	AMPLICON	METAGENOMIC	PCR	paired	ILLUMINA	Illumina MiSeq	Earth Microbiome Project 16S PCR protocol	fastq	ZAM1_s110_R1.fastq.gz	ZAM1_s110_R2.fastq.gz
ZAM1_s111	ZAM1_s111	16S metabarcoding of Mus musculus: old male cecum	AMPLICON	METAGENOMIC	PCR	paired	ILLUMINA	Illumina MiSeq	Earth Microbiome Project 16S PCR protocol	fastq	ZAM1_s111_R1.fastq.gz	ZAM1_s111_R2.fastq.gz
ZAM1_s112	ZAM1_s112	16S metabarcoding of Mus musculus: old male cecum	AMPLICON	METAGENOMIC	PCR	paired	ILLUMINA	Illumina MiSeq	Earth Microbiome Project 16S PCR protocol	fastq	ZAM1_s112_R1.fastq.gz	ZAM1_s112_R2.fastq.gz
ZAM1_s113	ZAM1_s113	16S metabarcoding of Mus musculus: old male cecum	AMPLICON	METAGENOMIC	PCR	paired	ILLUMINA	Illumina MiSeq	Earth Microbiome Project 16S PCR protocol	fastq	ZAM1_s113_R1.fastq.gz	ZAM1_s113_R2.fastq.gz
ZAM1_s114	ZAM1_s114	16S metabarcoding of Mus musculus: young male colon	AMPLICON	METAGENOMIC	PCR	paired	ILLUMINA	Illumina MiSeq	Earth Microbiome Project 16S PCR protocol	fastq	ZAM1_s114_R1.fastq.gz	ZAM1_s114_R2.fastq.gz
ZAM1_s115	ZAM1_s115	16S metabarcoding of Mus musculus: young male colon	AMPLICON	METAGENOMIC	PCR	paired	ILLUMINA	Illumina MiSeq	Earth Microbiome Project 16S PCR protocol	fastq	ZAM1_s115_R1.fastq.gz	ZAM1_s115_R2.fastq.gz
ZAM1_s116	ZAM1_s116	16S metabarcoding of Mus musculus: young male colon	AMPLICON	METAGENOMIC	PCR	paired	ILLUMINA	Illumina MiSeq	Earth Microbiome Project 16S PCR protocol	fastq	ZAM1_s116_R1.fastq.gz	ZAM1_s116_R2.fastq.gz
ZAM1_s117	ZAM1_s117	16S metabarcoding of Mus musculus: young male colon	AMPLICON	METAGENOMIC	PCR	paired	ILLUMINA	Illumina MiSeq	Earth Microbiome Project 16S PCR protocol	fastq	ZAM1_s117_R1.fastq.gz	ZAM1_s117_R2.fastq.gz
ZAM1_s118	ZAM1_s118	16S metabarcoding of Mus musculus: young male colon	AMPLICON	METAGENOMIC	PCR	paired	ILLUMINA	Illumina MiSeq	Earth Microbiome Project 16S PCR protocol	fastq	ZAM1_s118_R1.fastq.gz	ZAM1_s118_R2.fastq.gz
ZAM1_s119	ZAM1_s119	16S metabarcoding of Mus musculus: young male colon	AMPLICON	METAGENOMIC	PCR	paired	ILLUMINA	Illumina MiSeq	Earth Microbiome Project 16S PCR protocol	fastq	ZAM1_s119_R1.fastq.gz	ZAM1_s119_R2.fastq.gz
ZAM1_s120	ZAM1_s120	16S metabarcoding of Mus musculus: young male colon	AMPLICON	METAGENOMIC	PCR	paired	ILLUMINA	Illumina MiSeq	Earth Microbiome Project 16S PCR protocol	fastq	ZAM1_s120_R1.fastq.gz	ZAM1_s120_R2.fastq.gz
ZAM1_s121	ZAM1_s121	16S metabarcoding of Mus musculus: young male colon	AMPLICON	METAGENOMIC	PCR	paired	ILLUMINA	Illumina MiSeq	Earth Microbiome Project 16S PCR protocol	fastq	ZAM1_s121_R1.fastq.gz	ZAM1_s121_R2.fastq.gz
ZAM1_s122	ZAM1_s122	16S metabarcoding of Mus musculus: young male colon	AMPLICON	METAGENOMIC	PCR	paired	ILLUMINA	Illumina MiSeq	Earth Microbiome Project 16S PCR protocol	fastq	ZAM1_s122_R1.fastq.gz	ZAM1_s122_R2.fastq.gz
ZAM1_s123	ZAM1_s123	16S metabarcoding of Mus musculus: young male colon	AMPLICON	METAGENOMIC	PCR	paired	ILLUMINA	Illumina MiSeq	Earth Microbiome Project 16S PCR protocol	fastq	ZAM1_s123_R1.fastq.gz	ZAM1_s123_R2.fastq.gz
ZAM1_s124	ZAM1_s124	16S metabarcoding of Mus musculus: old male colon	AMPLICON	METAGENOMIC	PCR	paired	ILLUMINA	Illumina MiSeq	Earth Microbiome Project 16S PCR protocol	fastq	ZAM1_s124_R1.fastq.gz	ZAM1_s124_R2.fastq.gz
ZAM1_s125	ZAM1_s125	16S metabarcoding of Mus musculus: old male colon	AMPLICON	METAGENOMIC	PCR	paired	ILLUMINA	Illumina MiSeq	Earth Microbiome Project 16S PCR protocol	fastq	ZAM1_s125_R1.fastq.gz	ZAM1_s125_R2.fastq.gz
ZAM1_s126	ZAM1_s126	16S metabarcoding of Mus musculus: old male colon	AMPLICON	METAGENOMIC	PCR	paired	ILLUMINA	Illumina MiSeq	Earth Microbiome Project 16S PCR protocol	fastq	ZAM1_s126_R1.fastq.gz	ZAM1_s126_R2.fastq.gz
ZAM1_s127	ZAM1_s127	16S metabarcoding of Mus musculus: old male colon	AMPLICON	METAGENOMIC	PCR	paired	ILLUMINA	Illumina MiSeq	Earth Microbiome Project 16S PCR protocol	fastq	ZAM1_s127_R1.fastq.gz	ZAM1_s127_R2.fastq.gz
ZAM1_s128	ZAM1_s128	16S metabarcoding of Mus musculus: old male colon	AMPLICON	METAGENOMIC	PCR	paired	ILLUMINA	Illumina MiSeq	Earth Microbiome Project 16S PCR protocol	fastq	ZAM1_s128_R1.fastq.gz	ZAM1_s128_R2.fastq.gz
ZAM1_s129	ZAM1_s129	16S metabarcoding of Mus musculus: old male colon	AMPLICON	METAGENOMIC	PCR	paired	ILLUMINA	Illumina MiSeq	Earth Microbiome Project 16S PCR protocol	fastq	ZAM1_s129_R1.fastq.gz	ZAM1_s129_R2.fastq.gz
ZAM1_s130	ZAM1_s130	16S metabarcoding of Mus musculus: old male colon	AMPLICON	METAGENOMIC	PCR	paired	ILLUMINA	Illumina MiSeq	Earth Microbiome Project 16S PCR protocol	fastq	ZAM1_s130_R1.fastq.gz	ZAM1_s130_R2.fastq.gz
ZAM1_s131	ZAM1_s131	16S metabarcoding of Mus musculus: old male colon	AMPLICON	METAGENOMIC	PCR	paired	ILLUMINA	Illumina MiSeq	Earth Microbiome Project 16S PCR protocol	fastq	ZAM1_s131_R1.fastq.gz	ZAM1_s131_R2.fastq.gz
ZAM1_s132	ZAM1_s132	16S metabarcoding of Mus musculus: old male colon	AMPLICON	METAGENOMIC	PCR	paired	ILLUMINA	Illumina MiSeq	Earth Microbiome Project 16S PCR protocol	fastq	ZAM1_s132_R1.fastq.gz	ZAM1_s132_R2.fastq.gz
ZAM1_s133	ZAM1_s133	16S metabarcoding of Mus musculus: young male colon	AMPLICON	METAGENOMIC	PCR	paired	ILLUMINA	Illumina MiSeq	Earth Microbiome Project 16S PCR protocol	fastq	ZAM1_s133_R1.fastq.gz	ZAM1_s133_R2.fastq.gz
ZAM1_s134	ZAM1_s134	16S metabarcoding of Mus musculus: young male colon	AMPLICON	METAGENOMIC	PCR	paired	ILLUMINA	Illumina MiSeq	Earth Microbiome Project 16S PCR protocol	fastq	ZAM1_s134_R1.fastq.gz	ZAM1_s134_R2.fastq.gz
ZAM1_s135	ZAM1_s135	16S metabarcoding of Mus musculus: young male colon	AMPLICON	METAGENOMIC	PCR	paired	ILLUMINA	Illumina MiSeq	Earth Microbiome Project 16S PCR protocol	fastq	ZAM1_s135_R1.fastq.gz	ZAM1_s135_R2.fastq.gz
ZAM1_s136	ZAM1_s136	16S metabarcoding of Mus musculus: young male colon	AMPLICON	METAGENOMIC	PCR	paired	ILLUMINA	Illumina MiSeq	Earth Microbiome Project 16S PCR protocol	fastq	ZAM1_s136_R1.fastq.gz	ZAM1_s136_R2.fastq.gz
ZAM1_s137	ZAM1_s137	16S metabarcoding of Mus musculus: young male colon	AMPLICON	METAGENOMIC	PCR	paired	ILLUMINA	Illumina MiSeq	Earth Microbiome Project 16S PCR protocol	fastq	ZAM1_s137_R1.fastq.gz	ZAM1_s137_R2.fastq.gz
ZAM1_s138	ZAM1_s138	16S metabarcoding of Mus musculus: young male colon	AMPLICON	METAGENOMIC	PCR	paired	ILLUMINA	Illumina MiSeq	Earth Microbiome Project 16S PCR protocol	fastq	ZAM1_s138_R1.fastq.gz	ZAM1_s138_R2.fastq.gz
ZAM1_s139	ZAM1_s139	16S metabarcoding of Mus musculus: young male colon	AMPLICON	METAGENOMIC	PCR	paired	ILLUMINA	Illumina MiSeq	Earth Microbiome Project 16S PCR protocol	fastq	ZAM1_s139_R1.fastq.gz	ZAM1_s139_R2.fastq.gz
ZAM1_s140	ZAM1_s140	16S metabarcoding of Mus musculus: young male colon	AMPLICON	METAGENOMIC	PCR	paired	ILLUMINA	Illumina MiSeq	Earth Microbiome Project 16S PCR protocol	fastq	ZAM1_s140_R1.fastq.gz	ZAM1_s140_R2.fastq.gz
ZAM1_s141	ZAM1_s141	16S metabarcoding of Mus musculus: young male colon	AMPLICON	METAGENOMIC	PCR	paired	ILLUMINA	Illumina MiSeq	Earth Microbiome Project 16S PCR protocol	fastq	ZAM1_s141_R1.fastq.gz	ZAM1_s141_R2.fastq.gz
ZAM1_s142	ZAM1_s142	16S metabarcoding of Mus musculus: young male colon	AMPLICON	METAGENOMIC	PCR	paired	ILLUMINA	Illumina MiSeq	Earth Microbiome Project 16S PCR protocol	fastq	ZAM1_s142_R1.fastq.gz	ZAM1_s142_R2.fastq.gz
ZAM1_s143	ZAM1_s143	16S metabarcoding of Mus musculus: old male colon	AMPLICON	METAGENOMIC	PCR	paired	ILLUMINA	Illumina MiSeq	Earth Microbiome Project 16S PCR protocol	fastq	ZAM1_s143_R1.fastq.gz	ZAM1_s143_R2.fastq.gz
ZAM1_s144	ZAM1_s144	16S metabarcoding of Mus musculus: old male colon	AMPLICON	METAGENOMIC	PCR	paired	ILLUMINA	Illumina MiSeq	Earth Microbiome Project 16S PCR protocol	fastq	ZAM1_s144_R1.fastq.gz	ZAM1_s144_R2.fastq.gz
ZAM1_s145	ZAM1_s145	16S metabarcoding of Mus musculus: old male colon	AMPLICON	METAGENOMIC	PCR	paired	ILLUMINA	Illumina MiSeq	Earth Microbiome Project 16S PCR protocol	fastq	ZAM1_s145_R1.fastq.gz	ZAM1_s145_R2.fastq.gz
ZAM1_s146	ZAM1_s146	16S metabarcoding of Mus musculus: old male colon	AMPLICON	METAGENOMIC	PCR	paired	ILLUMINA	Illumina MiSeq	Earth Microbiome Project 16S PCR protocol	fastq	ZAM1_s146_R1.fastq.gz	ZAM1_s146_R2.fastq.gz
ZAM1_s147	ZAM1_s147	16S metabarcoding of Mus musculus: old male colon	AMPLICON	METAGENOMIC	PCR	paired	ILLUMINA	Illumina MiSeq	Earth Microbiome Project 16S PCR protocol	fastq	ZAM1_s147_R1.fastq.gz	ZAM1_s147_R2.fastq.gz
ZAM1_s148	ZAM1_s148	16S metabarcoding of Mus musculus: old male colon	AMPLICON	METAGENOMIC	PCR	paired	ILLUMINA	Illumina MiSeq	Earth Microbiome Project 16S PCR protocol	fastq	ZAM1_s148_R1.fastq.gz	ZAM1_s148_R2.fastq.gz
ZAM1_s149	ZAM1_s149	16S metabarcoding of Mus musculus: old male colon	AMPLICON	METAGENOMIC	PCR	paired	ILLUMINA	Illumina MiSeq	Earth Microbiome Project 16S PCR protocol	fastq	ZAM1_s149_R1.fastq.gz	ZAM1_s149_R2.fastq.gz
ZAM1_s150	ZAM1_s150	16S metabarcoding of Mus musculus: old male colon	AMPLICON	METAGENOMIC	PCR	paired	ILLUMINA	Illumina MiSeq	Earth Microbiome Project 16S PCR protocol	fastq	ZAM1_s150_R1.fastq.gz	ZAM1_s150_R2.fastq.gz
ZAM1_s151	ZAM1_s151	16S metabarcoding of Mus musculus: old male colon	AMPLICON	METAGENOMIC	PCR	paired	ILLUMINA	Illumina MiSeq	Earth Microbiome Project 16S PCR protocol	fastq	ZAM1_s151_R1.fastq.gz	ZAM1_s151_R2.fastq.gz
ZAM2_s1	ZAM2_s1	16S metabarcoding of Mus musculus: young male feces	AMPLICON	METAGENOMIC	PCR	paired	ILLUMINA	Illumina MiSeq	Earth Microbiome Project 16S PCR protocol	fastq	ZAM2_s1_R1.fastq.gz	ZAM2_s1_R2.fastq.gz
ZAM2_s2	ZAM2_s2	16S metabarcoding of Mus musculus: young male feces	AMPLICON	METAGENOMIC	PCR	paired	ILLUMINA	Illumina MiSeq	Earth Microbiome Project 16S PCR protocol	fastq	ZAM2_s2_R1.fastq.gz	ZAM2_s2_R2.fastq.gz
ZAM2_s3	ZAM2_s3	16S metabarcoding of Mus musculus: young male feces	AMPLICON	METAGENOMIC	PCR	paired	ILLUMINA	Illumina MiSeq	Earth Microbiome Project 16S PCR protocol	fastq	ZAM2_s3_R1.fastq.gz	ZAM2_s3_R2.fastq.gz
ZAM2_s4	ZAM2_s4	16S metabarcoding of Mus musculus: young male feces	AMPLICON	METAGENOMIC	PCR	paired	ILLUMINA	Illumina MiSeq	Earth Microbiome Project 16S PCR protocol	fastq	ZAM2_s4_R1.fastq.gz	ZAM2_s4_R2.fastq.gz
ZAM2_s5	ZAM2_s5	16S metabarcoding of Mus musculus: young male feces	AMPLICON	METAGENOMIC	PCR	paired	ILLUMINA	Illumina MiSeq	Earth Microbiome Project 16S PCR protocol	fastq	ZAM2_s5_R1.fastq.gz	ZAM2_s5_R2.fastq.gz
ZAM2_s6	ZAM2_s6	16S metabarcoding of Mus musculus: young male feces	AMPLICON	METAGENOMIC	PCR	paired	ILLUMINA	Illumina MiSeq	Earth Microbiome Project 16S PCR protocol	fastq	ZAM2_s6_R1.fastq.gz	ZAM2_s6_R2.fastq.gz
ZAM2_s7	ZAM2_s7	16S metabarcoding of Mus musculus: young male feces	AMPLICON	METAGENOMIC	PCR	paired	ILLUMINA	Illumina MiSeq	Earth Microbiome Project 16S PCR protocol	fastq	ZAM2_s7_R1.fastq.gz	ZAM2_s7_R2.fastq.gz
ZAM2_s8	ZAM2_s8	16S metabarcoding of Mus musculus: young male feces	AMPLICON	METAGENOMIC	PCR	paired	ILLUMINA	Illumina MiSeq	Earth Microbiome Project 16S PCR protocol	fastq	ZAM2_s8_R1.fastq.gz	ZAM2_s8_R2.fastq.gz
ZAM2_s9	ZAM2_s9	16S metabarcoding of Mus musculus: young male feces	AMPLICON	METAGENOMIC	PCR	paired	ILLUMINA	Illumina MiSeq	Earth Microbiome Project 16S PCR protocol	fastq	ZAM2_s9_R1.fastq.gz	ZAM2_s9_R2.fastq.gz
ZAM2_s10	ZAM2_s10	16S metabarcoding of Mus musculus: young male feces	AMPLICON	METAGENOMIC	PCR	paired	ILLUMINA	Illumina MiSeq	Earth Microbiome Project 16S PCR protocol	fastq	ZAM2_s10_R1.fastq.gz	ZAM2_s10_R2.fastq.gz
ZAM2_s11	ZAM2_s11	16S metabarcoding of Mus musculus: old male feces	AMPLICON	METAGENOMIC	PCR	paired	ILLUMINA	Illumina MiSeq	Earth Microbiome Project 16S PCR protocol	fastq	ZAM2_s11_R1.fastq.gz	ZAM2_s11_R2.fastq.gz
ZAM2_s12	ZAM2_s12	16S metabarcoding of Mus musculus: old male feces	AMPLICON	METAGENOMIC	PCR	paired	ILLUMINA	Illumina MiSeq	Earth Microbiome Project 16S PCR protocol	fastq	ZAM2_s12_R1.fastq.gz	ZAM2_s12_R2.fastq.gz
ZAM2_s13	ZAM2_s13	16S metabarcoding of Mus musculus: old male feces	AMPLICON	METAGENOMIC	PCR	paired	ILLUMINA	Illumina MiSeq	Earth Microbiome Project 16S PCR protocol	fastq	ZAM2_s13_R1.fastq.gz	ZAM2_s13_R2.fastq.gz
ZAM2_s14	ZAM2_s14	16S metabarcoding of Mus musculus: old male feces	AMPLICON	METAGENOMIC	PCR	paired	ILLUMINA	Illumina MiSeq	Earth Microbiome Project 16S PCR protocol	fastq	ZAM2_s14_R1.fastq.gz	ZAM2_s14_R2.fastq.gz
ZAM2_s15	ZAM2_s15	16S metabarcoding of Mus musculus: old male feces	AMPLICON	METAGENOMIC	PCR	paired	ILLUMINA	Illumina MiSeq	Earth Microbiome Project 16S PCR protocol	fastq	ZAM2_s15_R1.fastq.gz	ZAM2_s15_R2.fastq.gz
ZAM2_s16	ZAM2_s16	16S metabarcoding of Mus musculus: old male feces	AMPLICON	METAGENOMIC	PCR	paired	ILLUMINA	Illumina MiSeq	Earth Microbiome Project 16S PCR protocol	fastq	ZAM2_s16_R1.fastq.gz	ZAM2_s16_R2.fastq.gz
ZAM2_s17	ZAM2_s17	16S metabarcoding of Mus musculus: old male feces	AMPLICON	METAGENOMIC	PCR	paired	ILLUMINA	Illumina MiSeq	Earth Microbiome Project 16S PCR protocol	fastq	ZAM2_s17_R1.fastq.gz	ZAM2_s17_R2.fastq.gz
ZAM2_s18	ZAM2_s18	16S metabarcoding of Mus musculus: old male feces	AMPLICON	METAGENOMIC	PCR	paired	ILLUMINA	Illumina MiSeq	Earth Microbiome Project 16S PCR protocol	fastq	ZAM2_s18_R1.fastq.gz	ZAM2_s18_R2.fastq.gz
ZAM2_s19	ZAM2_s19	16S metabarcoding of Mus musculus: old male feces	AMPLICON	METAGENOMIC	PCR	paired	ILLUMINA	Illumina MiSeq	Earth Microbiome Project 16S PCR protocol	fastq	ZAM2_s19_R1.fastq.gz	ZAM2_s19_R2.fastq.gz
ZAM2_s20	ZAM2_s20	16S metabarcoding of Mus musculus: old male feces	AMPLICON	METAGENOMIC	PCR	paired	ILLUMINA	Illumina MiSeq	Earth Microbiome Project 16S PCR protocol	fastq	ZAM2_s20_R1.fastq.gz	ZAM2_s20_R2.fastq.gz
ZAM2_s21	ZAM2_s21	16S metabarcoding of Mus musculus: young male feces	AMPLICON	METAGENOMIC	PCR	paired	ILLUMINA	Illumina MiSeq	Earth Microbiome Project 16S PCR protocol	fastq	ZAM2_s21_R1.fastq.gz	ZAM2_s21_R2.fastq.gz
ZAM2_s22	ZAM2_s22	16S metabarcoding of Mus musculus: young male feces	AMPLICON	METAGENOMIC	PCR	paired	ILLUMINA	Illumina MiSeq	Earth Microbiome Project 16S PCR protocol	fastq	ZAM2_s22_R1.fastq.gz	ZAM2_s22_R2.fastq.gz
ZAM2_s23	ZAM2_s23	16S metabarcoding of Mus musculus: young male feces	AMPLICON	METAGENOMIC	PCR	paired	ILLUMINA	Illumina MiSeq	Earth Microbiome Project 16S PCR protocol	fastq	ZAM2_s23_R1.fastq.gz	ZAM2_s23_R2.fastq.gz
ZAM2_s24	ZAM2_s24	16S metabarcoding of Mus musculus: young male feces	AMPLICON	METAGENOMIC	PCR	paired	ILLUMINA	Illumina MiSeq	Earth Microbiome Project 16S PCR protocol	fastq	ZAM2_s24_R1.fastq.gz	ZAM2_s24_R2.fastq.gz
ZAM2_s25	ZAM2_s25	16S metabarcoding of Mus musculus: young male feces	AMPLICON	METAGENOMIC	PCR	paired	ILLUMINA	Illumina MiSeq	Earth Microbiome Project 16S PCR protocol	fastq	ZAM2_s25_R1.fastq.gz	ZAM2_s25_R2.fastq.gz
ZAM2_s26	ZAM2_s26	16S metabarcoding of Mus musculus: young male feces	AMPLICON	METAGENOMIC	PCR	paired	ILLUMINA	Illumina MiSeq	Earth Microbiome Project 16S PCR protocol	fastq	ZAM2_s26_R1.fastq.gz	ZAM2_s26_R2.fastq.gz
ZAM2_s27	ZAM2_s27	16S metabarcoding of Mus musculus: young male feces	AMPLICON	METAGENOMIC	PCR	paired	ILLUMINA	Illumina MiSeq	Earth Microbiome Project 16S PCR protocol	fastq	ZAM2_s27_R1.fastq.gz	ZAM2_s27_R2.fastq.gz
ZAM2_s28	ZAM2_s28	16S metabarcoding of Mus musculus: young male feces	AMPLICON	METAGENOMIC	PCR	paired	ILLUMINA	Illumina MiSeq	Earth Microbiome Project 16S PCR protocol	fastq	ZAM2_s28_R1.fastq.gz	ZAM2_s28_R2.fastq.gz
ZAM2_s29	ZAM2_s29	16S metabarcoding of Mus musculus: young male feces	AMPLICON	METAGENOMIC	PCR	paired	ILLUMINA	Illumina MiSeq	Earth Microbiome Project 16S PCR protocol	fastq	ZAM2_s29_R1.fastq.gz	ZAM2_s29_R2.fastq.gz
ZAM2_s30	ZAM2_s30	16S metabarcoding of Mus musculus: young male feces	AMPLICON	METAGENOMIC	PCR	paired	ILLUMINA	Illumina MiSeq	Earth Microbiome Project 16S PCR protocol	fastq	ZAM2_s30_R1.fastq.gz	ZAM2_s30_R2.fastq.gz
ZAM2_s31	ZAM2_s31	16S metabarcoding of Mus musculus: old male feces	AMPLICON	METAGENOMIC	PCR	paired	ILLUMINA	Illumina MiSeq	Earth Microbiome Project 16S PCR protocol	fastq	ZAM2_s31_R1.fastq.gz	ZAM2_s31_R2.fastq.gz
ZAM2_s32	ZAM2_s32	16S metabarcoding of Mus musculus: old male feces	AMPLICON	METAGENOMIC	PCR	paired	ILLUMINA	Illumina MiSeq	Earth Microbiome Project 16S PCR protocol	fastq	ZAM2_s32_R1.fastq.gz	ZAM2_s32_R2.fastq.gz
ZAM2_s33	ZAM2_s33	16S metabarcoding of Mus musculus: old male feces	AMPLICON	METAGENOMIC	PCR	paired	ILLUMINA	Illumina MiSeq	Earth Microbiome Project 16S PCR protocol	fastq	ZAM2_s33_R1.fastq.gz	ZAM2_s33_R2.fastq.gz
ZAM2_s34	ZAM2_s34	16S metabarcoding of Mus musculus: old male feces	AMPLICON	METAGENOMIC	PCR	paired	ILLUMINA	Illumina MiSeq	Earth Microbiome Project 16S PCR protocol	fastq	ZAM2_s34_R1.fastq.gz	ZAM2_s34_R2.fastq.gz
ZAM2_s35	ZAM2_s35	16S metabarcoding of Mus musculus: old male feces	AMPLICON	METAGENOMIC	PCR	paired	ILLUMINA	Illumina MiSeq	Earth Microbiome Project 16S PCR protocol	fastq	ZAM2_s35_R1.fastq.gz	ZAM2_s35_R2.fastq.gz
ZAM2_s36	ZAM2_s36	16S metabarcoding of Mus musculus: old male feces	AMPLICON	METAGENOMIC	PCR	paired	ILLUMINA	Illumina MiSeq	Earth Microbiome Project 16S PCR protocol	fastq	ZAM2_s36_R1.fastq.gz	ZAM2_s36_R2.fastq.gz
ZAM2_s37	ZAM2_s37	16S metabarcoding of Mus musculus: old male feces	AMPLICON	METAGENOMIC	PCR	paired	ILLUMINA	Illumina MiSeq	Earth Microbiome Project 16S PCR protocol	fastq	ZAM2_s37_R1.fastq.gz	ZAM2_s37_R2.fastq.gz
ZAM2_s38	ZAM2_s38	16S metabarcoding of Mus musculus: old male feces	AMPLICON	METAGENOMIC	PCR	paired	ILLUMINA	Illumina MiSeq	Earth Microbiome Project 16S PCR protocol	fastq	ZAM2_s38_R1.fastq.gz	ZAM2_s38_R2.fastq.gz
ZAM2_s39	ZAM2_s39	16S metabarcoding of Mus musculus: old male feces	AMPLICON	METAGENOMIC	PCR	paired	ILLUMINA	Illumina MiSeq	Earth Microbiome Project 16S PCR protocol	fastq	ZAM2_s39_R1.fastq.gz	ZAM2_s39_R2.fastq.gz
ZAM2_s40	ZAM2_s40	16S metabarcoding of Mus musculus: young male feces	AMPLICON	METAGENOMIC	PCR	paired	ILLUMINA	Illumina MiSeq	Earth Microbiome Project 16S PCR protocol	fastq	ZAM2_s40_R1.fastq.gz	ZAM2_s40_R2.fastq.gz
ZAM2_s41	ZAM2_s41	16S metabarcoding of Mus musculus: young male feces	AMPLICON	METAGENOMIC	PCR	paired	ILLUMINA	Illumina MiSeq	Earth Microbiome Project 16S PCR protocol	fastq	ZAM2_s41_R1.fastq.gz	ZAM2_s41_R2.fastq.gz
ZAM2_s42	ZAM2_s42	16S metabarcoding of Mus musculus: young male feces	AMPLICON	METAGENOMIC	PCR	paired	ILLUMINA	Illumina MiSeq	Earth Microbiome Project 16S PCR protocol	fastq	ZAM2_s42_R1.fastq.gz	ZAM2_s42_R2.fastq.gz
ZAM2_s43	ZAM2_s43	16S metabarcoding of Mus musculus: young male feces	AMPLICON	METAGENOMIC	PCR	paired	ILLUMINA	Illumina MiSeq	Earth Microbiome Project 16S PCR protocol	fastq	ZAM2_s43_R1.fastq.gz	ZAM2_s43_R2.fastq.gz
ZAM2_s44	ZAM2_s44	16S metabarcoding of Mus musculus: young male feces	AMPLICON	METAGENOMIC	PCR	paired	ILLUMINA	Illumina MiSeq	Earth Microbiome Project 16S PCR protocol	fastq	ZAM2_s44_R1.fastq.gz	ZAM2_s44_R2.fastq.gz
ZAM2_s45	ZAM2_s45	16S metabarcoding of Mus musculus: young male feces	AMPLICON	METAGENOMIC	PCR	paired	ILLUMINA	Illumina MiSeq	Earth Microbiome Project 16S PCR protocol	fastq	ZAM2_s45_R1.fastq.gz	ZAM2_s45_R2.fastq.gz
ZAM2_s46	ZAM2_s46	16S metabarcoding of Mus musculus: young male feces	AMPLICON	METAGENOMIC	PCR	paired	ILLUMINA	Illumina MiSeq	Earth Microbiome Project 16S PCR protocol	fastq	ZAM2_s46_R1.fastq.gz	ZAM2_s46_R2.fastq.gz
ZAM2_s47	ZAM2_s47	16S metabarcoding of Mus musculus: young male feces	AMPLICON	METAGENOMIC	PCR	paired	ILLUMINA	Illumina MiSeq	Earth Microbiome Project 16S PCR protocol	fastq	ZAM2_s47_R1.fastq.gz	ZAM2_s47_R2.fastq.gz
ZAM2_s48	ZAM2_s48	16S metabarcoding of Mus musculus: young male feces	AMPLICON	METAGENOMIC	PCR	paired	ILLUMINA	Illumina MiSeq	Earth Microbiome Project 16S PCR protocol	fastq	ZAM2_s48_R1.fastq.gz	ZAM2_s48_R2.fastq.gz
ZAM2_s49	ZAM2_s49	16S metabarcoding of Mus musculus: young male feces	AMPLICON	METAGENOMIC	PCR	paired	ILLUMINA	Illumina MiSeq	Earth Microbiome Project 16S PCR protocol	fastq	ZAM2_s49_R1.fastq.gz	ZAM2_s49_R2.fastq.gz
ZAM2_s50	ZAM2_s50	16S metabarcoding of Mus musculus: old male feces	AMPLICON	METAGENOMIC	PCR	paired	ILLUMINA	Illumina MiSeq	Earth Microbiome Project 16S PCR protocol	fastq	ZAM2_s50_R1.fastq.gz	ZAM2_s50_R2.fastq.gz
ZAM2_s51	ZAM2_s51	16S metabarcoding of Mus musculus: old male feces	AMPLICON	METAGENOMIC	PCR	paired	ILLUMINA	Illumina MiSeq	Earth Microbiome Project 16S PCR protocol	fastq	ZAM2_s51_R1.fastq.gz	ZAM2_s51_R2.fastq.gz
ZAM2_s52	ZAM2_s52	16S metabarcoding of Mus musculus: old male feces	AMPLICON	METAGENOMIC	PCR	paired	ILLUMINA	Illumina MiSeq	Earth Microbiome Project 16S PCR protocol	fastq	ZAM2_s52_R1.fastq.gz	ZAM2_s52_R2.fastq.gz
ZAM2_s53	ZAM2_s53	16S metabarcoding of Mus musculus: old male feces	AMPLICON	METAGENOMIC	PCR	paired	ILLUMINA	Illumina MiSeq	Earth Microbiome Project 16S PCR protocol	fastq	ZAM2_s53_R1.fastq.gz	ZAM2_s53_R2.fastq.gz
ZAM2_s54	ZAM2_s54	16S metabarcoding of Mus musculus: old male feces	AMPLICON	METAGENOMIC	PCR	paired	ILLUMINA	Illumina MiSeq	Earth Microbiome Project 16S PCR protocol	fastq	ZAM2_s54_R1.fastq.gz	ZAM2_s54_R2.fastq.gz
ZAM2_s55	ZAM2_s55	16S metabarcoding of Mus musculus: old male feces	AMPLICON	METAGENOMIC	PCR	paired	ILLUMINA	Illumina MiSeq	Earth Microbiome Project 16S PCR protocol	fastq	ZAM2_s55_R1.fastq.gz	ZAM2_s55_R2.fastq.gz
ZAM2_s56	ZAM2_s56	16S metabarcoding of Mus musculus: old male feces	AMPLICON	METAGENOMIC	PCR	paired	ILLUMINA	Illumina MiSeq	Earth Microbiome Project 16S PCR protocol	fastq	ZAM2_s56_R1.fastq.gz	ZAM2_s56_R2.fastq.gz
ZAM2_s57	ZAM2_s57	16S metabarcoding of Mus musculus: old male feces	AMPLICON	METAGENOMIC	PCR	paired	ILLUMINA	Illumina MiSeq	Earth Microbiome Project 16S PCR protocol	fastq	ZAM2_s57_R1.fastq.gz	ZAM2_s57_R2.fastq.gz
ZAM2_s58	ZAM2_s58	16S metabarcoding of Mus musculus: old male feces	AMPLICON	METAGENOMIC	PCR	paired	ILLUMINA	Illumina MiSeq	Earth Microbiome Project 16S PCR protocol	fastq	ZAM2_s58_R1.fastq.gz	ZAM2_s58_R2.fastq.gz
ZAM2_s59	ZAM2_s59	16S metabarcoding of Mus musculus: old male feces	AMPLICON	METAGENOMIC	PCR	paired	ILLUMINA	Illumina MiSeq	Earth Microbiome Project 16S PCR protocol	fastq	ZAM2_s59_R1.fastq.gz	ZAM2_s59_R2.fastq.gz
ZAM2_s60	ZAM2_s60	16S metabarcoding of Mus musculus: young male feces	AMPLICON	METAGENOMIC	PCR	paired	ILLUMINA	Illumina MiSeq	Earth Microbiome Project 16S PCR protocol	fastq	ZAM2_s60_R1.fastq.gz	ZAM2_s60_R2.fastq.gz
ZAM2_s61	ZAM2_s61	16S metabarcoding of Mus musculus: young male feces	AMPLICON	METAGENOMIC	PCR	paired	ILLUMINA	Illumina MiSeq	Earth Microbiome Project 16S PCR protocol	fastq	ZAM2_s61_R1.fastq.gz	ZAM2_s61_R2.fastq.gz
ZAM2_s62	ZAM2_s62	16S metabarcoding of Mus musculus: young male feces	AMPLICON	METAGENOMIC	PCR	paired	ILLUMINA	Illumina MiSeq	Earth Microbiome Project 16S PCR protocol	fastq	ZAM2_s62_R1.fastq.gz	ZAM2_s62_R2.fastq.gz
ZAM2_s63	ZAM2_s63	16S metabarcoding of Mus musculus: young male feces	AMPLICON	METAGENOMIC	PCR	paired	ILLUMINA	Illumina MiSeq	Earth Microbiome Project 16S PCR protocol	fastq	ZAM2_s63_R1.fastq.gz	ZAM2_s63_R2.fastq.gz
ZAM2_s64	ZAM2_s64	16S metabarcoding of Mus musculus: young male feces	AMPLICON	METAGENOMIC	PCR	paired	ILLUMINA	Illumina MiSeq	Earth Microbiome Project 16S PCR protocol	fastq	ZAM2_s64_R1.fastq.gz	ZAM2_s64_R2.fastq.gz
ZAM2_s65	ZAM2_s65	16S metabarcoding of Mus musculus: young male feces	AMPLICON	METAGENOMIC	PCR	paired	ILLUMINA	Illumina MiSeq	Earth Microbiome Project 16S PCR protocol	fastq	ZAM2_s65_R1.fastq.gz	ZAM2_s65_R2.fastq.gz
ZAM2_s66	ZAM2_s66	16S metabarcoding of Mus musculus: young male feces	AMPLICON	METAGENOMIC	PCR	paired	ILLUMINA	Illumina MiSeq	Earth Microbiome Project 16S PCR protocol	fastq	ZAM2_s66_R1.fastq.gz	ZAM2_s66_R2.fastq.gz
ZAM2_s67	ZAM2_s67	16S metabarcoding of Mus musculus: young male feces	AMPLICON	METAGENOMIC	PCR	paired	ILLUMINA	Illumina MiSeq	Earth Microbiome Project 16S PCR protocol	fastq	ZAM2_s67_R1.fastq.gz	ZAM2_s67_R2.fastq.gz
ZAM2_s68	ZAM2_s68	16S metabarcoding of Mus musculus: young male feces	AMPLICON	METAGENOMIC	PCR	paired	ILLUMINA	Illumina MiSeq	Earth Microbiome Project 16S PCR protocol	fastq	ZAM2_s68_R1.fastq.gz	ZAM2_s68_R2.fastq.gz
ZAM2_s69	ZAM2_s69	16S metabarcoding of Mus musculus: young male feces	AMPLICON	METAGENOMIC	PCR	paired	ILLUMINA	Illumina MiSeq	Earth Microbiome Project 16S PCR protocol	fastq	ZAM2_s69_R1.fastq.gz	ZAM2_s69_R2.fastq.gz
ZAM2_s70	ZAM2_s70	16S metabarcoding of Mus musculus: old male feces	AMPLICON	METAGENOMIC	PCR	paired	ILLUMINA	Illumina MiSeq	Earth Microbiome Project 16S PCR protocol	fastq	ZAM2_s70_R1.fastq.gz	ZAM2_s70_R2.fastq.gz
ZAM2_s71	ZAM2_s71	16S metabarcoding of Mus musculus: old male feces	AMPLICON	METAGENOMIC	PCR	paired	ILLUMINA	Illumina MiSeq	Earth Microbiome Project 16S PCR protocol	fastq	ZAM2_s71_R1.fastq.gz	ZAM2_s71_R2.fastq.gz
ZAM2_s72	ZAM2_s72	16S metabarcoding of Mus musculus: old male feces	AMPLICON	METAGENOMIC	PCR	paired	ILLUMINA	Illumina MiSeq	Earth Microbiome Project 16S PCR protocol	fastq	ZAM2_s72_R1.fastq.gz	ZAM2_s72_R2.fastq.gz
ZAM2_s73	ZAM2_s73	16S metabarcoding of Mus musculus: old male feces	AMPLICON	METAGENOMIC	PCR	paired	ILLUMINA	Illumina MiSeq	Earth Microbiome Project 16S PCR protocol	fastq	ZAM2_s73_R1.fastq.gz	ZAM2_s73_R2.fastq.gz
ZAM2_s74	ZAM2_s74	16S metabarcoding of Mus musculus: old male feces	AMPLICON	METAGENOMIC	PCR	paired	ILLUMINA	Illumina MiSeq	Earth Microbiome Project 16S PCR protocol	fastq	ZAM2_s74_R1.fastq.gz	ZAM2_s74_R2.fastq.gz
ZAM2_s75	ZAM2_s75	16S metabarcoding of Mus musculus: old male feces	AMPLICON	METAGENOMIC	PCR	paired	ILLUMINA	Illumina MiSeq	Earth Microbiome Project 16S PCR protocol	fastq	ZAM2_s75_R1.fastq.gz	ZAM2_s75_R2.fastq.gz
ZAM2_s76	ZAM2_s76	16S metabarcoding of Mus musculus: old male feces	AMPLICON	METAGENOMIC	PCR	paired	ILLUMINA	Illumina MiSeq	Earth Microbiome Project 16S PCR protocol	fastq	ZAM2_s76_R1.fastq.gz	ZAM2_s76_R2.fastq.gz
ZAM2_s77	ZAM2_s77	16S metabarcoding of Mus musculus: old male feces	AMPLICON	METAGENOMIC	PCR	paired	ILLUMINA	Illumina MiSeq	Earth Microbiome Project 16S PCR protocol	fastq	ZAM2_s77_R1.fastq.gz	ZAM2_s77_R2.fastq.gz
ZAM2_s78	ZAM2_s78	16S metabarcoding of Mus musculus: old male feces	AMPLICON	METAGENOMIC	PCR	paired	ILLUMINA	Illumina MiSeq	Earth Microbiome Project 16S PCR protocol	fastq	ZAM2_s78_R1.fastq.gz	ZAM2_s78_R2.fastq.gz
ZAM2_s79	ZAM2_s79	16S metabarcoding of Mus musculus: young male cecum	AMPLICON	METAGENOMIC	PCR	paired	ILLUMINA	Illumina MiSeq	Earth Microbiome Project 16S PCR protocol	fastq	ZAM2_s79_R1.fastq.gz	ZAM2_s79_R2.fastq.gz
ZAM2_s80	ZAM2_s80	16S metabarcoding of Mus musculus: young male cecum	AMPLICON	METAGENOMIC	PCR	paired	ILLUMINA	Illumina MiSeq	Earth Microbiome Project 16S PCR protocol	fastq	ZAM2_s80_R1.fastq.gz	ZAM2_s80_R2.fastq.gz
ZAM2_s81	ZAM2_s81	16S metabarcoding of Mus musculus: young male cecum	AMPLICON	METAGENOMIC	PCR	paired	ILLUMINA	Illumina MiSeq	Earth Microbiome Project 16S PCR protocol	fastq	ZAM2_s81_R1.fastq.gz	ZAM2_s81_R2.fastq.gz
ZAM2_s82	ZAM2_s82	16S metabarcoding of Mus musculus: young male cecum	AMPLICON	METAGENOMIC	PCR	paired	ILLUMINA	Illumina MiSeq	Earth Microbiome Project 16S PCR protocol	fastq	ZAM2_s82_R1.fastq.gz	ZAM2_s82_R2.fastq.gz
ZAM2_s83	ZAM2_s83	16S metabarcoding of Mus musculus: young male cecum	AMPLICON	METAGENOMIC	PCR	paired	ILLUMINA	Illumina MiSeq	Earth Microbiome Project 16S PCR protocol	fastq	ZAM2_s83_R1.fastq.gz	ZAM2_s83_R2.fastq.gz
ZAM2_s84	ZAM2_s84	16S metabarcoding of Mus musculus: young male cecum	AMPLICON	METAGENOMIC	PCR	paired	ILLUMINA	Illumina MiSeq	Earth Microbiome Project 16S PCR protocol	fastq	ZAM2_s84_R1.fastq.gz	ZAM2_s84_R2.fastq.gz
ZAM2_s85	ZAM2_s85	16S metabarcoding of Mus musculus: young male cecum	AMPLICON	METAGENOMIC	PCR	paired	ILLUMINA	Illumina MiSeq	Earth Microbiome Project 16S PCR protocol	fastq	ZAM2_s85_R1.fastq.gz	ZAM2_s85_R2.fastq.gz
ZAM2_s86	ZAM2_s86	16S metabarcoding of Mus musculus: young male cecum	AMPLICON	METAGENOMIC	PCR	paired	ILLUMINA	Illumina MiSeq	Earth Microbiome Project 16S PCR protocol	fastq	ZAM2_s86_R1.fastq.gz	ZAM2_s86_R2.fastq.gz
ZAM2_s87	ZAM2_s87	16S metabarcoding of Mus musculus: young male cecum	AMPLICON	METAGENOMIC	PCR	paired	ILLUMINA	Illumina MiSeq	Earth Microbiome Project 16S PCR protocol	fastq	ZAM2_s87_R1.fastq.gz	ZAM2_s87_R2.fastq.gz
ZAM2_s88	ZAM2_s88	16S metabarcoding of Mus musculus: young male cecum	AMPLICON	METAGENOMIC	PCR	paired	ILLUMINA	Illumina MiSeq	Earth Microbiome Project 16S PCR protocol	fastq	ZAM2_s88_R1.fastq.gz	ZAM2_s88_R2.fastq.gz
ZAM2_s89	ZAM2_s89	16S metabarcoding of Mus musculus: old male cecum	AMPLICON	METAGENOMIC	PCR	paired	ILLUMINA	Illumina MiSeq	Earth Microbiome Project 16S PCR protocol	fastq	ZAM2_s89_R1.fastq.gz	ZAM2_s89_R2.fastq.gz
ZAM2_s90	ZAM2_s90	16S metabarcoding of Mus musculus: old male cecum	AMPLICON	METAGENOMIC	PCR	paired	ILLUMINA	Illumina MiSeq	Earth Microbiome Project 16S PCR protocol	fastq	ZAM2_s90_R1.fastq.gz	ZAM2_s90_R2.fastq.gz
ZAM2_s91	ZAM2_s91	16S metabarcoding of Mus musculus: old male cecum	AMPLICON	METAGENOMIC	PCR	paired	ILLUMINA	Illumina MiSeq	Earth Microbiome Project 16S PCR protocol	fastq	ZAM2_s91_R1.fastq.gz	ZAM2_s91_R2.fastq.gz
ZAM2_s92	ZAM2_s92	16S metabarcoding of Mus musculus: old male cecum	AMPLICON	METAGENOMIC	PCR	paired	ILLUMINA	Illumina MiSeq	Earth Microbiome Project 16S PCR protocol	fastq	ZAM2_s92_R1.fastq.gz	ZAM2_s92_R2.fastq.gz
ZAM2_s93	ZAM2_s93	16S metabarcoding of Mus musculus: old male cecum	AMPLICON	METAGENOMIC	PCR	paired	ILLUMINA	Illumina MiSeq	Earth Microbiome Project 16S PCR protocol	fastq	ZAM2_s93_R1.fastq.gz	ZAM2_s93_R2.fastq.gz
ZAM2_s94	ZAM2_s94	16S metabarcoding of Mus musculus: old male cecum	AMPLICON	METAGENOMIC	PCR	paired	ILLUMINA	Illumina MiSeq	Earth Microbiome Project 16S PCR protocol	fastq	ZAM2_s94_R1.fastq.gz	ZAM2_s94_R2.fastq.gz
ZAM2_s95	ZAM2_s95	16S metabarcoding of Mus musculus: old male cecum	AMPLICON	METAGENOMIC	PCR	paired	ILLUMINA	Illumina MiSeq	Earth Microbiome Project 16S PCR protocol	fastq	ZAM2_s95_R1.fastq.gz	ZAM2_s95_R2.fastq.gz
ZAM2_s96	ZAM2_s96	16S metabarcoding of Mus musculus: old male cecum	AMPLICON	METAGENOMIC	PCR	paired	ILLUMINA	Illumina MiSeq	Earth Microbiome Project 16S PCR protocol	fastq	ZAM2_s96_R1.fastq.gz	ZAM2_s96_R2.fastq.gz
ZAM2_s97	ZAM2_s97	16S metabarcoding of Mus musculus: old male cecum	AMPLICON	METAGENOMIC	PCR	paired	ILLUMINA	Illumina MiSeq	Earth Microbiome Project 16S PCR protocol	fastq	ZAM2_s97_R1.fastq.gz	ZAM2_s97_R2.fastq.gz
ZAM2_s98	ZAM2_s98	16S metabarcoding of Mus musculus: old male cecum	AMPLICON	METAGENOMIC	PCR	paired	ILLUMINA	Illumina MiSeq	Earth Microbiome Project 16S PCR protocol	fastq	ZAM2_s98_R1.fastq.gz	ZAM2_s98_R2.fastq.gz
ZAM2_s99	ZAM2_s99	16S metabarcoding of Mus musculus: young male cecum	AMPLICON	METAGENOMIC	PCR	paired	ILLUMINA	Illumina MiSeq	Earth Microbiome Project 16S PCR protocol	fastq	ZAM2_s99_R1.fastq.gz	ZAM2_s99_R2.fastq.gz
ZAM2_s100	ZAM2_s100	16S metabarcoding of Mus musculus: young male cecum	AMPLICON	METAGENOMIC	PCR	paired	ILLUMINA	Illumina MiSeq	Earth Microbiome Project 16S PCR protocol	fastq	ZAM2_s100_R1.fastq.gz	ZAM2_s100_R2.fastq.gz
ZAM2_s101	ZAM2_s101	16S metabarcoding of Mus musculus: young male cecum	AMPLICON	METAGENOMIC	PCR	paired	ILLUMINA	Illumina MiSeq	Earth Microbiome Project 16S PCR protocol	fastq	ZAM2_s101_R1.fastq.gz	ZAM2_s101_R2.fastq.gz
ZAM2_s102	ZAM2_s102	16S metabarcoding of Mus musculus: young male cecum	AMPLICON	METAGENOMIC	PCR	paired	ILLUMINA	Illumina MiSeq	Earth Microbiome Project 16S PCR protocol	fastq	ZAM2_s102_R1.fastq.gz	ZAM2_s102_R2.fastq.gz
ZAM2_s103	ZAM2_s103	16S metabarcoding of Mus musculus: young male cecum	AMPLICON	METAGENOMIC	PCR	paired	ILLUMINA	Illumina MiSeq	Earth Microbiome Project 16S PCR protocol	fastq	ZAM2_s103_R1.fastq.gz	ZAM2_s103_R2.fastq.gz
ZAM2_s104	ZAM2_s104	16S metabarcoding of Mus musculus: young male cecum	AMPLICON	METAGENOMIC	PCR	paired	ILLUMINA	Illumina MiSeq	Earth Microbiome Project 16S PCR protocol	fastq	ZAM2_s104_R1.fastq.gz	ZAM2_s104_R2.fastq.gz
ZAM2_s105	ZAM2_s105	16S metabarcoding of Mus musculus: young male cecum	AMPLICON	METAGENOMIC	PCR	paired	ILLUMINA	Illumina MiSeq	Earth Microbiome Project 16S PCR protocol	fastq	ZAM2_s105_R1.fastq.gz	ZAM2_s105_R2.fastq.gz
ZAM2_s106	ZAM2_s106	16S metabarcoding of Mus musculus: young male cecum	AMPLICON	METAGENOMIC	PCR	paired	ILLUMINA	Illumina MiSeq	Earth Microbiome Project 16S PCR protocol	fastq	ZAM2_s106_R1.fastq.gz	ZAM2_s106_R2.fastq.gz
ZAM2_s107	ZAM2_s107	16S metabarcoding of Mus musculus: young male cecum	AMPLICON	METAGENOMIC	PCR	paired	ILLUMINA	Illumina MiSeq	Earth Microbiome Project 16S PCR protocol	fastq	ZAM2_s107_R1.fastq.gz	ZAM2_s107_R2.fastq.gz
ZAM2_s108	ZAM2_s108	16S metabarcoding of Mus musculus: young male cecum	AMPLICON	METAGENOMIC	PCR	paired	ILLUMINA	Illumina MiSeq	Earth Microbiome Project 16S PCR protocol	fastq	ZAM2_s108_R1.fastq.gz	ZAM2_s108_R2.fastq.gz
ZAM2_s109	ZAM2_s109	16S metabarcoding of Mus musculus: old male cecum	AMPLICON	METAGENOMIC	PCR	paired	ILLUMINA	Illumina MiSeq	Earth Microbiome Project 16S PCR protocol	fastq	ZAM2_s109_R1.fastq.gz	ZAM2_s109_R2.fastq.gz
ZAM2_s110	ZAM2_s110	16S metabarcoding of Mus musculus: old male cecum	AMPLICON	METAGENOMIC	PCR	paired	ILLUMINA	Illumina MiSeq	Earth Microbiome Project 16S PCR protocol	fastq	ZAM2_s110_R1.fastq.gz	ZAM2_s110_R2.fastq.gz
ZAM2_s111	ZAM2_s111	16S metabarcoding of Mus musculus: old male cecum	AMPLICON	METAGENOMIC	PCR	paired	ILLUMINA	Illumina MiSeq	Earth Microbiome Project 16S PCR protocol	fastq	ZAM2_s111_R1.fastq.gz	ZAM2_s111_R2.fastq.gz
ZAM2_s112	ZAM2_s112	16S metabarcoding of Mus musculus: old male cecum	AMPLICON	METAGENOMIC	PCR	paired	ILLUMINA	Illumina MiSeq	Earth Microbiome Project 16S PCR protocol	fastq	ZAM2_s112_R1.fastq.gz	ZAM2_s112_R2.fastq.gz
ZAM2_s113	ZAM2_s113	16S metabarcoding of Mus musculus: old male cecum	AMPLICON	METAGENOMIC	PCR	paired	ILLUMINA	Illumina MiSeq	Earth Microbiome Project 16S PCR protocol	fastq	ZAM2_s113_R1.fastq.gz	ZAM2_s113_R2.fastq.gz
ZAM2_s114	ZAM2_s114	16S metabarcoding of Mus musculus: old male cecum	AMPLICON	METAGENOMIC	PCR	paired	ILLUMINA	Illumina MiSeq	Earth Microbiome Project 16S PCR protocol	fastq	ZAM2_s114_R1.fastq.gz	ZAM2_s114_R2.fastq.gz
ZAM2_s115	ZAM2_s115	16S metabarcoding of Mus musculus: old male cecum	AMPLICON	METAGENOMIC	PCR	paired	ILLUMINA	Illumina MiSeq	Earth Microbiome Project 16S PCR protocol	fastq	ZAM2_s115_R1.fastq.gz	ZAM2_s115_R2.fastq.gz
ZAM2_s116	ZAM2_s116	16S metabarcoding of Mus musculus: old male cecum	AMPLICON	METAGENOMIC	PCR	paired	ILLUMINA	Illumina MiSeq	Earth Microbiome Project 16S PCR protocol	fastq	ZAM2_s116_R1.fastq.gz	ZAM2_s116_R2.fastq.gz
ZAM2_s117	ZAM2_s117	16S metabarcoding of Mus musculus: young male colon	AMPLICON	METAGENOMIC	PCR	paired	ILLUMINA	Illumina MiSeq	Earth Microbiome Project 16S PCR protocol	fastq	ZAM2_s117_R1.fastq.gz	ZAM2_s117_R2.fastq.gz
ZAM2_s118	ZAM2_s118	16S metabarcoding of Mus musculus: young male colon	AMPLICON	METAGENOMIC	PCR	paired	ILLUMINA	Illumina MiSeq	Earth Microbiome Project 16S PCR protocol	fastq	ZAM2_s118_R1.fastq.gz	ZAM2_s118_R2.fastq.gz
ZAM2_s119	ZAM2_s119	16S metabarcoding of Mus musculus: young male colon	AMPLICON	METAGENOMIC	PCR	paired	ILLUMINA	Illumina MiSeq	Earth Microbiome Project 16S PCR protocol	fastq	ZAM2_s119_R1.fastq.gz	ZAM2_s119_R2.fastq.gz
ZAM2_s120	ZAM2_s120	16S metabarcoding of Mus musculus: young male colon	AMPLICON	METAGENOMIC	PCR	paired	ILLUMINA	Illumina MiSeq	Earth Microbiome Project 16S PCR protocol	fastq	ZAM2_s120_R1.fastq.gz	ZAM2_s120_R2.fastq.gz
ZAM2_s121	ZAM2_s121	16S metabarcoding of Mus musculus: young male colon	AMPLICON	METAGENOMIC	PCR	paired	ILLUMINA	Illumina MiSeq	Earth Microbiome Project 16S PCR protocol	fastq	ZAM2_s121_R1.fastq.gz	ZAM2_s121_R2.fastq.gz
ZAM2_s122	ZAM2_s122	16S metabarcoding of Mus musculus: young male colon	AMPLICON	METAGENOMIC	PCR	paired	ILLUMINA	Illumina MiSeq	Earth Microbiome Project 16S PCR protocol	fastq	ZAM2_s122_R1.fastq.gz	ZAM2_s122_R2.fastq.gz
ZAM2_s123	ZAM2_s123	16S metabarcoding of Mus musculus: young male colon	AMPLICON	METAGENOMIC	PCR	paired	ILLUMINA	Illumina MiSeq	Earth Microbiome Project 16S PCR protocol	fastq	ZAM2_s123_R1.fastq.gz	ZAM2_s123_R2.fastq.gz
ZAM2_s124	ZAM2_s124	16S metabarcoding of Mus musculus: young male colon	AMPLICON	METAGENOMIC	PCR	paired	ILLUMINA	Illumina MiSeq	Earth Microbiome Project 16S PCR protocol	fastq	ZAM2_s124_R1.fastq.gz	ZAM2_s124_R2.fastq.gz
ZAM2_s125	ZAM2_s125	16S metabarcoding of Mus musculus: young male colon	AMPLICON	METAGENOMIC	PCR	paired	ILLUMINA	Illumina MiSeq	Earth Microbiome Project 16S PCR protocol	fastq	ZAM2_s125_R1.fastq.gz	ZAM2_s125_R2.fastq.gz
ZAM2_s126	ZAM2_s126	16S metabarcoding of Mus musculus: young male colon	AMPLICON	METAGENOMIC	PCR	paired	ILLUMINA	Illumina MiSeq	Earth Microbiome Project 16S PCR protocol	fastq	ZAM2_s126_R1.fastq.gz	ZAM2_s126_R2.fastq.gz
ZAM2_s127	ZAM2_s127	16S metabarcoding of Mus musculus: old male colon	AMPLICON	METAGENOMIC	PCR	paired	ILLUMINA	Illumina MiSeq	Earth Microbiome Project 16S PCR protocol	fastq	ZAM2_s127_R1.fastq.gz	ZAM2_s127_R2.fastq.gz
ZAM2_s128	ZAM2_s128	16S metabarcoding of Mus musculus: old male colon	AMPLICON	METAGENOMIC	PCR	paired	ILLUMINA	Illumina MiSeq	Earth Microbiome Project 16S PCR protocol	fastq	ZAM2_s128_R1.fastq.gz	ZAM2_s128_R2.fastq.gz
ZAM2_s129	ZAM2_s129	16S metabarcoding of Mus musculus: old male colon	AMPLICON	METAGENOMIC	PCR	paired	ILLUMINA	Illumina MiSeq	Earth Microbiome Project 16S PCR protocol	fastq	ZAM2_s129_R1.fastq.gz	ZAM2_s129_R2.fastq.gz
ZAM2_s130	ZAM2_s130	16S metabarcoding of Mus musculus: old male colon	AMPLICON	METAGENOMIC	PCR	paired	ILLUMINA	Illumina MiSeq	Earth Microbiome Project 16S PCR protocol	fastq	ZAM2_s130_R1.fastq.gz	ZAM2_s130_R2.fastq.gz
ZAM2_s131	ZAM2_s131	16S metabarcoding of Mus musculus: old male colon	AMPLICON	METAGENOMIC	PCR	paired	ILLUMINA	Illumina MiSeq	Earth Microbiome Project 16S PCR protocol	fastq	ZAM2_s131_R1.fastq.gz	ZAM2_s131_R2.fastq.gz
ZAM2_s132	ZAM2_s132	16S metabarcoding of Mus musculus: old male colon	AMPLICON	METAGENOMIC	PCR	paired	ILLUMINA	Illumina MiSeq	Earth Microbiome Project 16S PCR protocol	fastq	ZAM2_s132_R1.fastq.gz	ZAM2_s132_R2.fastq.gz
ZAM2_s133	ZAM2_s133	16S metabarcoding of Mus musculus: old male colon	AMPLICON	METAGENOMIC	PCR	paired	ILLUMINA	Illumina MiSeq	Earth Microbiome Project 16S PCR protocol	fastq	ZAM2_s133_R1.fastq.gz	ZAM2_s133_R2.fastq.gz
ZAM2_s134	ZAM2_s134	16S metabarcoding of Mus musculus: old male colon	AMPLICON	METAGENOMIC	PCR	paired	ILLUMINA	Illumina MiSeq	Earth Microbiome Project 16S PCR protocol	fastq	ZAM2_s134_R1.fastq.gz	ZAM2_s134_R2.fastq.gz
ZAM2_s135	ZAM2_s135	16S metabarcoding of Mus musculus: old male colon	AMPLICON	METAGENOMIC	PCR	paired	ILLUMINA	Illumina MiSeq	Earth Microbiome Project 16S PCR protocol	fastq	ZAM2_s135_R1.fastq.gz	ZAM2_s135_R2.fastq.gz
ZAM2_s136	ZAM2_s136	16S metabarcoding of Mus musculus: old male colon	AMPLICON	METAGENOMIC	PCR	paired	ILLUMINA	Illumina MiSeq	Earth Microbiome Project 16S PCR protocol	fastq	ZAM2_s136_R1.fastq.gz	ZAM2_s136_R2.fastq.gz
ZAM2_s137	ZAM2_s137	16S metabarcoding of Mus musculus: young male colon	AMPLICON	METAGENOMIC	PCR	paired	ILLUMINA	Illumina MiSeq	Earth Microbiome Project 16S PCR protocol	fastq	ZAM2_s137_R1.fastq.gz	ZAM2_s137_R2.fastq.gz
ZAM2_s138	ZAM2_s138	16S metabarcoding of Mus musculus: young male colon	AMPLICON	METAGENOMIC	PCR	paired	ILLUMINA	Illumina MiSeq	Earth Microbiome Project 16S PCR protocol	fastq	ZAM2_s138_R1.fastq.gz	ZAM2_s138_R2.fastq.gz
ZAM2_s139	ZAM2_s139	16S metabarcoding of Mus musculus: young male colon	AMPLICON	METAGENOMIC	PCR	paired	ILLUMINA	Illumina MiSeq	Earth Microbiome Project 16S PCR protocol	fastq	ZAM2_s139_R1.fastq.gz	ZAM2_s139_R2.fastq.gz
ZAM2_s140	ZAM2_s140	16S metabarcoding of Mus musculus: young male colon	AMPLICON	METAGENOMIC	PCR	paired	ILLUMINA	Illumina MiSeq	Earth Microbiome Project 16S PCR protocol	fastq	ZAM2_s140_R1.fastq.gz	ZAM2_s140_R2.fastq.gz
ZAM2_s141	ZAM2_s141	16S metabarcoding of Mus musculus: young male colon	AMPLICON	METAGENOMIC	PCR	paired	ILLUMINA	Illumina MiSeq	Earth Microbiome Project 16S PCR protocol	fastq	ZAM2_s141_R1.fastq.gz	ZAM2_s141_R2.fastq.gz
ZAM2_s142	ZAM2_s142	16S metabarcoding of Mus musculus: young male colon	AMPLICON	METAGENOMIC	PCR	paired	ILLUMINA	Illumina MiSeq	Earth Microbiome Project 16S PCR protocol	fastq	ZAM2_s142_R1.fastq.gz	ZAM2_s142_R2.fastq.gz
ZAM2_s143	ZAM2_s143	16S metabarcoding of Mus musculus: young male colon	AMPLICON	METAGENOMIC	PCR	paired	ILLUMINA	Illumina MiSeq	Earth Microbiome Project 16S PCR protocol	fastq	ZAM2_s143_R1.fastq.gz	ZAM2_s143_R2.fastq.gz
ZAM2_s144	ZAM2_s144	16S metabarcoding of Mus musculus: young male colon	AMPLICON	METAGENOMIC	PCR	paired	ILLUMINA	Illumina MiSeq	Earth Microbiome Project 16S PCR protocol	fastq	ZAM2_s144_R1.fastq.gz	ZAM2_s144_R2.fastq.gz
ZAM2_s145	ZAM2_s145	16S metabarcoding of Mus musculus: young male colon	AMPLICON	METAGENOMIC	PCR	paired	ILLUMINA	Illumina MiSeq	Earth Microbiome Project 16S PCR protocol	fastq	ZAM2_s145_R1.fastq.gz	ZAM2_s145_R2.fastq.gz
ZAM2_s146	ZAM2_s146	16S metabarcoding of Mus musculus: young male colon	AMPLICON	METAGENOMIC	PCR	paired	ILLUMINA	Illumina MiSeq	Earth Microbiome Project 16S PCR protocol	fastq	ZAM2_s146_R1.fastq.gz	ZAM2_s146_R2.fastq.gz
ZAM2_s147	ZAM2_s147	16S metabarcoding of Mus musculus: old male colon	AMPLICON	METAGENOMIC	PCR	paired	ILLUMINA	Illumina MiSeq	Earth Microbiome Project 16S PCR protocol	fastq	ZAM2_s147_R1.fastq.gz	ZAM2_s147_R2.fastq.gz
ZAM2_s148	ZAM2_s148	16S metabarcoding of Mus musculus: old male colon	AMPLICON	METAGENOMIC	PCR	paired	ILLUMINA	Illumina MiSeq	Earth Microbiome Project 16S PCR protocol	fastq	ZAM2_s148_R1.fastq.gz	ZAM2_s148_R2.fastq.gz
ZAM2_s149	ZAM2_s149	16S metabarcoding of Mus musculus: old male colon	AMPLICON	METAGENOMIC	PCR	paired	ILLUMINA	Illumina MiSeq	Earth Microbiome Project 16S PCR protocol	fastq	ZAM2_s149_R1.fastq.gz	ZAM2_s149_R2.fastq.gz
ZAM2_s150	ZAM2_s150	16S metabarcoding of Mus musculus: old male colon	AMPLICON	METAGENOMIC	PCR	paired	ILLUMINA	Illumina MiSeq	Earth Microbiome Project 16S PCR protocol	fastq	ZAM2_s150_R1.fastq.gz	ZAM2_s150_R2.fastq.gz
ZAM2_s151	ZAM2_s151	16S metabarcoding of Mus musculus: old male colon	AMPLICON	METAGENOMIC	PCR	paired	ILLUMINA	Illumina MiSeq	Earth Microbiome Project 16S PCR protocol	fastq	ZAM2_s151_R1.fastq.gz	ZAM2_s151_R2.fastq.gz
ZAM2_s152	ZAM2_s152	16S metabarcoding of Mus musculus: old male colon	AMPLICON	METAGENOMIC	PCR	paired	ILLUMINA	Illumina MiSeq	Earth Microbiome Project 16S PCR protocol	fastq	ZAM2_s152_R1.fastq.gz	ZAM2_s152_R2.fastq.gz
ZAM2_s153	ZAM2_s153	16S metabarcoding of Mus musculus: old male colon	AMPLICON	METAGENOMIC	PCR	paired	ILLUMINA	Illumina MiSeq	Earth Microbiome Project 16S PCR protocol	fastq	ZAM2_s153_R1.fastq.gz	ZAM2_s153_R2.fastq.gz
ZAM2_s154	ZAM2_s154	16S metabarcoding of Mus musculus: old male colon	AMPLICON	METAGENOMIC	PCR	paired	ILLUMINA	Illumina MiSeq	Earth Microbiome Project 16S PCR protocol	fastq	ZAM2_s154_R1.fastq.gz	ZAM2_s154_R2.fastq.gz
